,municipio,delito,trend
0,Tlajomulco de Zúñiga,"Robo_Robo de maquinaria_Robo de cables, tubos y otros objetos destinados a servicios públicos Sin violencia",19.0
1,San Pedro Tlaquepaque,Robo_Robo a transeúnte en espacio abierto al público_Con violencia,10.333333333333334
2,Zapopan,Robo_Robo en transporte individual_Sin violencia,9.0
3,Juanacatlán,Narcomenudeo_Narcomenudeo_Narcomenudeo,8.0
4,Juanacatlán,Narcomenudeo,7.472678555172788
5,Juanacatlán,Narcomenudeo_Narcomenudeo,7.472678555172788
6,San Pedro Tlaquepaque,Robo_Robo en transporte individual,7.252530490741481
7,San Pedro Tlaquepaque,Robo_Robo en transporte individual_Con violencia,6.833333333333333
8,Zapotlanejo,Otros delitos que atentan contra la libertad y la seguridad sexual_Otros delitos que atentan contra la libertad y la seguridad sexual,6.130385925403282
9,Zapotlanejo,Otros delitos que atentan contra la libertad y la seguridad sexual,6.130385925403282
10,El Salto,Robo_Robo en transporte público individual_Con violencia,6.0
11,Guadalajara,Secuestro_Secuestro_Secuestro extorsivo,6.0
12,Zapotlanejo,Otros delitos que atentan contra la libertad y la seguridad sexual_Otros delitos que atentan contra la libertad y la seguridad sexual_Otros delitos que atentan contra la libertad y la seguridad sexual,6.0
13,Guadalajara,Secuestro_Secuestro,5.998060939193245
14,Guadalajara,Secuestro,5.998060939193245
15,Guadalajara,Robo_Robo en transporte individual_Con violencia,5.375
16,Tlajomulco de Zúñiga,Robo_Robo en transporte individual_Con violencia,5.333333333333333
17,Guadalajara,Robo_Robo en transporte individual,5.155800030842433
18,Guadalajara,Feminicidio_Feminicidio_Con otro elemento,5.0
19,Tlajomulco de Zúñiga,Robo_Robo en transporte público colectivo_Sin violencia,4.5
20,Tlajomulco de Zúñiga,Robo_Robo en transporte individual,4.135891283838964
21,Guadalajara,Robo_Robo a transeúnte en espacio abierto al público_Con violencia,4.115384615384615
22,Guadalajara,Robo_Robo en transporte individual_Sin violencia,4.0
23,El Salto,Homicidio_Homicidio doloso_Con arma blanca,4.0
24,Ixtlahuacán de los Membrillos,Homicidio_Homicidio doloso_Con otro elemento,4.0
25,Tlajomulco de Zúñiga,Robo_Robo a transeúnte en espacio abierto al público_Sin violencia,3.833333333333333
26,Guadalajara,"Robo_Robo de maquinaria_Robo de cables, tubos y otros objetos destinados a servicios públicos Sin violencia",3.7608695652173916
27,El Salto,Robo_Robo en transporte público individual,3.7516587904010015
28,Guadalajara,Robo_Robo de maquinaria,3.469214349701038
29,Tonalá,"Robo_Robo de maquinaria_Robo de cables, tubos y otros objetos destinados a servicios públicos Sin violencia",3.4000000000000004
30,San Pedro Tlaquepaque,Otros delitos que atentan contra la libertad y la seguridad sexual_Otros delitos que atentan contra la libertad y la seguridad sexual_Otros delitos que atentan contra la libertad y la seguridad sexual,3.3076923076923075
31,San Pedro Tlaquepaque,Otros delitos que atentan contra la libertad y la seguridad sexual_Otros delitos que atentan contra la libertad y la seguridad sexual,3.2584223453358634
32,San Pedro Tlaquepaque,Otros delitos que atentan contra la libertad y la seguridad sexual,3.2584223453358634
33,Guadalajara,Robo_Robo de maquinaria_Robo de herramienta industrial o agrícola Con violencia,3.0
34,Zapotlanejo,Lesiones_Lesiones dolosas_Con arma de fuego,3.0
35,Juanacatlán,Homicidio_Homicidio doloso_Con otro elemento,3.0
36,Tonalá,Robo_Robo de maquinaria,2.9785240850845884
37,Zapopan,Robo_Robo en transporte individual,2.8151467958709806
38,Tonalá,Robo_Robo en transporte individual_Con violencia,2.5
39,Zapopan,Robo_Robo en transporte individual_Con violencia,2.4285714285714284
40,Guadalajara,Robo_Robo a transeúnte en espacio abierto al público,2.402018677107103
41,Tlajomulco de Zúñiga,Robo_Robo en transporte público individual_Con violencia,2.4
42,Zapopan,Robo_Robo a transeúnte en espacio abierto al público_Con violencia,2.3076923076923075
43,Juanacatlán,Lesiones_Lesiones culposas,2.2849960805226828
44,Tlajomulco de Zúñiga,Robo_Robo a transeúnte en espacio abierto al público,2.190740747095824
45,Tonalá,Otros delitos que atentan contra la libertad y la seguridad sexual_Otros delitos que atentan contra la libertad y la seguridad sexual_Otros delitos que atentan contra la libertad y la seguridad sexual,2.1714285714285713
46,El Salto,Lesiones_Lesiones dolosas_Con arma de fuego,2.1538461538461537
47,Tonalá,Otros delitos que atentan contra la libertad y la seguridad sexual_Otros delitos que atentan contra la libertad y la seguridad sexual,2.148690359381999
48,Tonalá,Otros delitos que atentan contra la libertad y la seguridad sexual,2.148690359381999
49,Guadalajara,Otros delitos que atentan contra la libertad y la seguridad sexual_Otros delitos que atentan contra la libertad y la seguridad sexual_Otros delitos que atentan contra la libertad y la seguridad sexual,2.0935672514619883
50,Guadalajara,Otros delitos que atentan contra la libertad y la seguridad sexual_Otros delitos que atentan contra la libertad y la seguridad sexual,2.092938081307913
51,Guadalajara,Otros delitos que atentan contra la libertad y la seguridad sexual,2.092938081307913
52,San Pedro Tlaquepaque,Robo_Robo a transeúnte en espacio abierto al público,2.0770378880623204
53,Zapopan,Robo_Robo a transeúnte en espacio abierto al público,2.036906955146372
54,Zapopan,Robo_Robo a transeúnte en espacio abierto al público_Sin violencia,2.025
55,Ixtlahuacán de los Membrillos,Acoso sexual_Acoso sexual_Acoso sexual,2.0
56,Acatlán de Juárez,Otros delitos que atentan contra la libertad y la seguridad sexual_Otros delitos que atentan contra la libertad y la seguridad sexual_Otros delitos que atentan contra la libertad y la seguridad sexual,2.0
57,Juanacatlán,Lesiones_Lesiones culposas_En accidente de tránsito,2.0
58,Guadalajara,Homicidio_Homicidio culposo_Con otro elemento,2.0
59,Acatlán de Juárez,Acoso sexual_Acoso sexual_Acoso sexual,2.0
60,El Salto,Robo_Robo en transporte público individual_Sin violencia,2.0
61,Tonalá,Robo_Robo a institución bancaria_Con violencia,2.0
62,Juanacatlán,Robo_Robo a casa habitación_Con violencia,2.0
63,Ixtlahuacán de los Membrillos,Otros delitos que atentan contra la libertad y la seguridad sexual_Otros delitos que atentan contra la libertad y la seguridad sexual_Otros delitos que atentan contra la libertad y la seguridad sexual,2.0
64,Acatlán de Juárez,Otros delitos que atentan contra la libertad y la seguridad sexual,1.985716106546175
65,Acatlán de Juárez,Otros delitos que atentan contra la libertad y la seguridad sexual_Otros delitos que atentan contra la libertad y la seguridad sexual,1.985716106546175
66,Tonalá,Robo_Robo en transporte individual,1.9810189360458699
67,Acatlán de Juárez,Acoso sexual,1.9682309189752267
68,Acatlán de Juárez,Acoso sexual_Acoso sexual,1.9682309189752267
69,Tonalá,Robo_Robo a institución bancaria,1.9635395911146771
70,Ixtlahuacán de los Membrillos,Otros delitos que atentan contra la libertad y la seguridad sexual,1.9450321613439043
71,Ixtlahuacán de los Membrillos,Otros delitos que atentan contra la libertad y la seguridad sexual_Otros delitos que atentan contra la libertad y la seguridad sexual,1.9450321613439043
72,Ixtlahuacán de los Membrillos,Acoso sexual_Acoso sexual,1.9444576495038661
73,Ixtlahuacán de los Membrillos,Acoso sexual,1.9444576495038661
74,Tlajomulco de Zúñiga,Robo_Robo en transporte público colectivo,1.8353936116580294
75,Zapopan,Otros delitos que atentan contra la libertad y la seguridad sexual_Otros delitos que atentan contra la libertad y la seguridad sexual_Otros delitos que atentan contra la libertad y la seguridad sexual,1.7022900763358777
76,Tlajomulco de Zúñiga,Otros delitos que atentan contra la libertad y la seguridad sexual_Otros delitos que atentan contra la libertad y la seguridad sexual_Otros delitos que atentan contra la libertad y la seguridad sexual,1.6666666666666665
77,Zapopan,Otros delitos que atentan contra la libertad y la seguridad sexual,1.6518579916775011
78,Zapopan,Otros delitos que atentan contra la libertad y la seguridad sexual_Otros delitos que atentan contra la libertad y la seguridad sexual,1.6518579916775011
79,Guadalajara,Robo_Robo a transeúnte en espacio abierto al público_Sin violencia,1.6071428571428572
80,Tlajomulco de Zúñiga,Otros delitos que atentan contra la libertad y la seguridad sexual_Otros delitos que atentan contra la libertad y la seguridad sexual,1.604118926515882
81,Tlajomulco de Zúñiga,Otros delitos que atentan contra la libertad y la seguridad sexual,1.604118926515882
82,Guadalajara,Lesiones_Lesiones culposas_Con otro elemento,1.5714285714285716
83,El Salto,Robo_Robo en transporte individual_Con violencia,1.5
84,Guadalajara,Contra el medio ambiente_Contra el medio ambiente_Contra el medio ambiente,1.5
85,Ixtlahuacán de los Membrillos,Violación simple_Violación simple_Violación simple,1.5
86,Tonalá,Falsedad_Falsedad_Falsedad,1.5
87,Guadalajara,Contra el medio ambiente,1.499811874883605
88,Guadalajara,Contra el medio ambiente_Contra el medio ambiente,1.499811874883605
89,Tonalá,Falsedad,1.4726506383700917
90,Tonalá,Falsedad_Falsedad,1.4726506383700917
91,Ixtlahuacán de los Membrillos,Violación simple,1.4552996043193849
92,Ixtlahuacán de los Membrillos,Violación simple_Violación simple,1.4552996043193849
93,Tonalá,Robo_Robo a transeúnte en espacio abierto al público_Con violencia,1.4285714285714284
94,Zapopan,Robo_Robo en transporte público individual_Sin violencia,1.4
95,Guadalajara,Robo_Robo en transporte público colectivo_Sin violencia,1.3506493506493507
96,El Salto,Otros delitos que atentan contra la libertad y la seguridad sexual_Otros delitos que atentan contra la libertad y la seguridad sexual_Otros delitos que atentan contra la libertad y la seguridad sexual,1.3333333333333335
97,Ixtlahuacán de los Membrillos,Homicidio_Homicidio culposo_En accidente de tránsito,1.3333333333333335
98,Ixtlahuacán de los Membrillos,Homicidio_Homicidio culposo,1.2886352161086094
99,El Salto,Homicidio_Homicidio doloso_Con arma de fuego,1.2857142857142856
100,Juanacatlán,Abuso sexual_Abuso sexual_Abuso sexual,1.25
101,El Salto,Otros delitos que atentan contra la libertad y la seguridad sexual_Otros delitos que atentan contra la libertad y la seguridad sexual,1.2420227123310963
102,El Salto,Otros delitos que atentan contra la libertad y la seguridad sexual,1.2420227123310963
103,Ixtlahuacán de los Membrillos,Abuso de confianza_Abuso de confianza_Abuso de confianza,1.2000000000000002
104,Guadalajara,Robo_Robo de autopartes_Con violencia,1.2000000000000002
105,Ixtlahuacán de los Membrillos,Abuso de confianza_Abuso de confianza,1.2000000000000002
106,Tlajomulco de Zúñiga,Robo_Robo en transporte público individual,1.1679951375473343
107,Ixtlahuacán de los Membrillos,Abuso de confianza,1.149904220316491
108,Tlajomulco de Zúñiga,Lesiones_Lesiones dolosas_Con arma blanca,1.1481481481481484
109,Tonalá,Robo_Robo a transeúnte en espacio abierto al público,1.1174111233749655
110,Guadalajara,Robo_Robo en transporte público colectivo,1.0717746510347865
111,Zapopan,Falsedad_Falsedad_Falsedad,1.0714285714285716
112,Zapotlanejo,Falsedad_Falsedad,1.0543066498936478
113,Zapotlanejo,Falsedad,1.0543066498936478
114,Zapotlanejo,Amenazas_Amenazas,1.0517228258096911
115,Zapotlanejo,Amenazas,1.0517228258096911
116,Juanacatlán,Abuso sexual,1.0326058923207295
117,Juanacatlán,Abuso sexual_Abuso sexual,1.0326058923207295
118,Zapopan,Falsedad,1.0266571362191939
119,Zapopan,Falsedad_Falsedad,1.0266571362191939
120,Tlajomulco de Zúñiga,Robo_Robo a transportista_Sin violencia,1.0
121,San Pedro Tlaquepaque,Lesiones_Lesiones culposas_Con otro elemento,1.0
122,San Pedro Tlaquepaque,Feminicidio_Feminicidio_Con arma de fuego,1.0
123,Tlajomulco de Zúñiga,Robo_Robo en transporte individual_Sin violencia,1.0
124,Tlajomulco de Zúñiga,Falsedad_Falsedad_Falsedad,1.0
125,Tonalá,Hostigamiento sexual_Hostigamiento sexual_Hostigamiento sexual,1.0
126,San Pedro Tlaquepaque,Secuestro_Secuestro_Secuestro extorsivo,1.0
127,Ixtlahuacán de los Membrillos,Lesiones_Lesiones dolosas_Con arma blanca,1.0
128,Zapotlanejo,Falsedad_Falsedad_Falsedad,1.0
129,Zapotlanejo,Robo_Robo a casa habitación_Con violencia,1.0
130,Zapotlanejo,Amenazas_Amenazas_Amenazas,1.0
131,Tonalá,Hostigamiento sexual_Hostigamiento sexual,0.9845443857080676
132,Tonalá,Hostigamiento sexual,0.9845443857080676
133,Acatlán de Juárez,Lesiones_Lesiones culposas,0.9816834489926671
134,San Pedro Tlaquepaque,Secuestro,0.9787459023111953
135,San Pedro Tlaquepaque,Secuestro_Secuestro,0.9787459023111953
136,San Pedro Tlaquepaque,Robo_Robo de vehículo automotor_Robo de coche de 4 ruedas Con violencia,0.9589743589743589
137,Tonalá,Violación simple_Violación simple_Violación simple,0.9523809523809523
138,Tonalá,Violación simple_Violación simple,0.9388958363948683
139,Tonalá,Violación simple,0.9388958363948683
140,El Salto,Robo_Robo en transporte individual,0.93601652091113
141,Tlajomulco de Zúñiga,Falsedad,0.9240639735461864
142,Tlajomulco de Zúñiga,Falsedad_Falsedad,0.9240639735461864
143,San Pedro Tlaquepaque,Robo_Robo en transporte público individual_Con violencia,0.894736842105263
144,Ixtlahuacán de los Membrillos,Robo_Robo a transportista_Con violencia,0.8888888888888888
145,Acatlán de Juárez,Lesiones_Lesiones culposas_En accidente de tránsito,0.8888888888888888
146,Ixtlahuacán de los Membrillos,Homicidio,0.8798119251789835
147,Tonalá,Robo_Robo a transeúnte en espacio abierto al público_Sin violencia,0.875
148,Zapopan,Robo_Robo en transporte público colectivo_Sin violencia,0.8545454545454545
149,San Pedro Tlaquepaque,Robo_Robo en transporte público colectivo_Con violencia,0.8333333333333333
150,Juanacatlán,Robo_Robo a casa habitación_Sin violencia,0.8333333333333333
151,Ixtlahuacán de los Membrillos,Robo_Robo a transportista,0.756844384916668
152,Juanacatlán,Robo_Robo a casa habitación,0.7556983252627427
153,Acatlán de Juárez,Robo_Robo a transportista_Con violencia,0.75
154,Juanacatlán,Robo_Otros robos_Con violencia,0.75
155,San Pedro Tlaquepaque,"Robo_Robo de maquinaria_Robo de cables, tubos y otros objetos destinados a servicios públicos Sin violencia",0.736842105263158
156,Zapopan,Robo_Robo en transporte público colectivo,0.732265991547274
157,Acatlán de Juárez,Robo_Robo a transportista,0.7303597882548718
158,El Salto,Robo_Robo de vehículo automotor_Robo de motocicleta Con violencia,0.7142857142857142
159,Zapopan,"Robo_Robo de maquinaria_Robo de cables, tubos y otros objetos destinados a servicios públicos Sin violencia",0.7083333333333333
160,San Pedro Tlaquepaque,Robo_Robo en transporte público individual,0.6994259783075802
161,El Salto,Robo_Otros robos_Sin violencia,0.6839378238341969
162,San Pedro Tlaquepaque,Robo_Robo en transporte público colectivo,0.6790630909986819
163,San Pedro Tlaquepaque,Robo_Robo en transporte público colectivo_Sin violencia,0.6764705882352942
164,San Pedro Tlaquepaque,Corrupción de menores_Corrupción de menores_Corrupción de menores,0.6666666666666667
165,Tlajomulco de Zúñiga,Robo_Robo a negocio_Sin violencia,0.6666666666666667
166,Zapopan,Feminicidio_Feminicidio_Con otro elemento,0.6666666666666667
167,El Salto,Acoso sexual_Acoso sexual_Acoso sexual,0.6666666666666667
168,San Pedro Tlaquepaque,Lesiones_Lesiones dolosas_Con arma de fuego,0.6578947368421053
169,San Pedro Tlaquepaque,Corrupción de menores,0.6507717938922002
170,San Pedro Tlaquepaque,Corrupción de menores_Corrupción de menores,0.6507717938922002
171,San Pedro Tlaquepaque,Robo_Robo de maquinaria,0.6278533884355575
172,El Salto,Homicidio_Homicidio doloso,0.6108699747388326
173,Tlajomulco de Zúñiga,Robo_Robo de autopartes_Sin violencia,0.606060606060606
174,Tonalá,Robo_Robo en transporte público individual_Con violencia,0.5909090909090908
175,El Salto,Acoso sexual,0.58726625453559
176,El Salto,Acoso sexual_Acoso sexual,0.58726625453559
177,Ixtlahuacán de los Membrillos,Abuso sexual_Abuso sexual_Abuso sexual,0.5862068965517242
178,Zapopan,Robo_Robo de vehículo automotor_Robo de motocicleta Sin violencia,0.5802469135802468
179,Tlajomulco de Zúñiga,Falsificación_Falsificación_Falsificación,0.5789473684210527
180,Guadalajara,Robo_Robo de vehículo automotor_Robo de motocicleta Sin violencia,0.5687500000000001
181,El Salto,Robo_Robo de autopartes_Sin violencia,0.5555555555555556
182,Ixtlahuacán de los Membrillos,Abuso sexual,0.5520258370831126
183,Ixtlahuacán de los Membrillos,Abuso sexual_Abuso sexual,0.5520258370831126
184,Zapotlanejo,Lesiones_Lesiones dolosas,0.5502954337328989
185,Tlajomulco de Zúñiga,Robo_Robo a transeúnte en espacio abierto al público_Con violencia,0.5454545454545454
186,Tlajomulco de Zúñiga,Narcomenudeo_Narcomenudeo_Narcomenudeo,0.5416666666666667
187,Zapotlanejo,Violación simple,0.5368690611423641
188,Zapotlanejo,Violación simple_Violación simple,0.5368690611423641
189,Zapotlanejo,Homicidio_Homicidio culposo,0.536591148918705
190,Tlajomulco de Zúñiga,Falsificación_Falsificación,0.531559201941586
191,Tlajomulco de Zúñiga,Falsificación,0.531559201941586
192,Ixtlahuacán de los Membrillos,Homicidio_Homicidio doloso,0.53132388006835
193,El Salto,Robo_Robo a transeúnte en espacio abierto al público,0.5312630672386578
194,Zapopan,Robo_Otros robos_Con violencia,0.5256410256410255
195,El Salto,Robo_Robo de vehículo automotor_Robo de motocicleta Sin violencia,0.5148514851485149
196,Tlajomulco de Zúñiga,Robo_Robo de autopartes,0.514052491644285
197,Tonalá,Narcomenudeo_Narcomenudeo_Narcomenudeo,0.513157894736842
198,El Salto,Robo_Otros robos,0.5105150406401788
199,Tlajomulco de Zúñiga,Narcomenudeo,0.5009660234405702
200,Tlajomulco de Zúñiga,Narcomenudeo_Narcomenudeo,0.5009660234405702
201,Tonalá,Narcomenudeo,0.5006688117219567
202,Tonalá,Narcomenudeo_Narcomenudeo,0.5006688117219567
203,Ixtlahuacán de los Membrillos,Homicidio_Homicidio doloso_No especificado,0.5
204,Guadalajara,Evasión de presos_Evasión de presos_Evasión de presos,0.5
205,Zapopan,Robo_Robo a transportista_Sin violencia,0.5
206,Acatlán de Juárez,Homicidio_Homicidio doloso_Con arma de fuego,0.5
207,Tonalá,Robo_Robo en transporte individual_Sin violencia,0.5
208,Zapotlanejo,Lesiones_Lesiones dolosas_Con arma blanca,0.5
209,Zapotlanejo,Violación simple_Violación simple_Violación simple,0.5
210,Juanacatlán,Homicidio_Homicidio doloso_Con arma de fuego,0.5
211,Zapotlanejo,Homicidio_Homicidio culposo_En accidente de tránsito,0.5
212,San Pedro Tlaquepaque,Robo_Robo de maquinaria_Robo de herramienta industrial o agrícola Sin violencia,0.5
213,Guadalajara,Evasión de presos_Evasión de presos,0.4999069324596921
214,Guadalajara,Evasión de presos,0.4999069324596921
215,El Salto,Robo_Robo de vehículo automotor_Robo de coche de 4 ruedas Con violencia,0.4943820224719102
216,Tlajomulco de Zúñiga,Robo_Robo de maquinaria,0.488368584508621
217,Zapotlanejo,Lesiones_Lesiones dolosas_Con otro elemento,0.4871794871794872
218,San Pedro Tlaquepaque,Violación simple_Violación simple_Violación simple,0.4838709677419355
219,San Pedro Tlaquepaque,Homicidio_Homicidio doloso_Con otro elemento,0.48275862068965525
220,El Salto,Robo_Robo de autopartes,0.47843347492975696
221,Zapotlanejo,Robo_Robo a transportista,0.47770045538091876
222,Zapopan,Robo_Robo a institución bancaria,0.4716640001635286
223,Ixtlahuacán de los Membrillos,Robo_Otros robos_Sin violencia,0.47058823529411775
224,San Pedro Tlaquepaque,Violación simple_Violación simple,0.4692354500758076
225,San Pedro Tlaquepaque,Violación simple,0.4692354500758076
226,San Pedro Tlaquepaque,Robo_Robo a transeúnte en espacio abierto al público_Sin violencia,0.46666666666666656
227,Guadalajara,Falsificación_Falsificación_Falsificación,0.4627450980392156
228,Guadalajara,Falsificación_Falsificación,0.46252635468903014
229,Guadalajara,Falsificación,0.46252635468903014
230,Tonalá,Robo_Otros robos_Con violencia,0.46218487394957974
231,San Pedro Tlaquepaque,Robo_Robo de vehículo automotor,0.44462625679091117
232,El Salto,Extorsión_Extorsión_Extorsión,0.4444444444444444
233,El Salto,Extorsión_Extorsión,0.4444444444444444
234,Zapotlanejo,Robo_Robo a transportista_Con violencia,0.4444444444444444
235,Tlajomulco de Zúñiga,Robo_Robo a negocio,0.4386471077048779
236,El Salto,Lesiones_Lesiones dolosas_Con arma blanca,0.4375
237,Tonalá,Lesiones_Lesiones culposas_Con otro elemento,0.4285714285714286
238,Tlajomulco de Zúñiga,Homicidio_Homicidio doloso_Con arma blanca,0.4285714285714286
239,San Pedro Tlaquepaque,Narcomenudeo_Narcomenudeo_Narcomenudeo,0.4155844155844155
240,El Salto,Homicidio,0.41401016858884665
241,San Pedro Tlaquepaque,Robo_Otros robos_Con violencia,0.41129032258064524
242,Guadalajara,Robo_Robo en transporte público individual_Sin violencia,0.3999999999999999
243,Guadalajara,Otros delitos que atentan contra la libertad personal_Otros delitos que atentan contra la libertad personal_Otros delitos que atentan contra la libertad personal,0.3999999999999999
244,Ixtlahuacán de los Membrillos,Robo_Robo de vehículo automotor_Robo de motocicleta Sin violencia,0.3999999999999999
245,Tlajomulco de Zúñiga,Delitos cometidos por servidores públicos_Delitos cometidos por servidores públicos_Delitos cometidos por servidores públicos,0.3999999999999999
246,Guadalajara,Otros delitos que atentan contra la libertad personal_Otros delitos que atentan contra la libertad personal,0.3998608296850341
247,Guadalajara,Otros delitos que atentan contra la libertad personal,0.3998608296850341
248,San Pedro Tlaquepaque,Narcomenudeo,0.39951092049427284
249,San Pedro Tlaquepaque,Narcomenudeo_Narcomenudeo,0.39951092049427284
250,Guadalajara,Homicidio_Homicidio doloso_Con otro elemento,0.39583333333333326
251,Zapotlanejo,Homicidio,0.3840363537671794
252,El Salto,Extorsión,0.371525410801393
253,Zapopan,Robo_Robo de maquinaria,0.36828196357081966
254,Guadalajara,Allanamiento de morada_Allanamiento de morada_Allanamiento de morada,0.36111111111111116
255,Guadalajara,Allanamiento de morada_Allanamiento de morada,0.36097884735071073
256,Guadalajara,Allanamiento de morada,0.36097884735071073
257,Tlajomulco de Zúñiga,Delitos cometidos por servidores públicos,0.36064846675278717
258,Tlajomulco de Zúñiga,Delitos cometidos por servidores públicos_Delitos cometidos por servidores públicos,0.36064846675278717
259,San Pedro Tlaquepaque,Robo_Robo de vehículo automotor_Robo de motocicleta Sin violencia,0.3525179856115108
260,Tlajomulco de Zúñiga,Robo_Robo a negocio_Con violencia,0.3520000000000001
261,Guadalajara,Violación simple_Violación simple_Violación simple,0.34408602150537626
262,Guadalajara,Violación simple,0.3439009046209638
263,Guadalajara,Violación simple_Violación simple,0.3439009046209638
264,Tonalá,Robo_Robo de vehículo automotor_Robo de coche de 4 ruedas Sin violencia,0.34183673469387754
265,El Salto,Robo_Robo en transporte público colectivo_Sin violencia,0.33333333333333326
266,San Pedro Tlaquepaque,Robo_Robo a institución bancaria_Con violencia,0.33333333333333326
267,San Pedro Tlaquepaque,Allanamiento de morada_Allanamiento de morada_Allanamiento de morada,0.33333333333333326
268,San Pedro Tlaquepaque,Feminicidio_Feminicidio_Con otro elemento,0.33333333333333326
269,Tlajomulco de Zúñiga,Otros delitos del Fuero Común_Otros delitos del Fuero Común_Otros delitos del Fuero Común,0.3324538258575198
270,Tlajomulco de Zúñiga,Otros delitos del Fuero Común_Otros delitos del Fuero Común,0.3324538258575198
271,Zapopan,Robo_Otros robos_Sin violencia,0.3324125230202579
272,Tlajomulco de Zúñiga,Fraude_Fraude,0.3315363881401616
273,Tlajomulco de Zúñiga,Fraude_Fraude_Fraude,0.3315363881401616
274,Zapopan,Abuso sexual_Abuso sexual_Abuso sexual,0.322884012539185
275,Tonalá,Robo_Robo en transporte público individual,0.32168933978116265
276,Zapopan,Robo_Otros robos,0.31987671193749656
277,Tlajomulco de Zúñiga,Allanamiento de morada_Allanamiento de morada_Allanamiento de morada,0.3157894736842106
278,San Pedro Tlaquepaque,Allanamiento de morada_Allanamiento de morada,0.314959267801145
279,San Pedro Tlaquepaque,Allanamiento de morada,0.314959267801145
280,Guadalajara,Robo_Otros robos_Sin violencia,0.30301003344481603
281,Tonalá,Robo_Robo de autopartes_Sin violencia,0.3018867924528301
282,Guadalajara,Robo_Otros robos,0.30147295904236837
283,Guadalajara,Homicidio_Homicidio doloso_Con arma blanca,0.30000000000000004
284,Tlajomulco de Zúñiga,Lesiones_Lesiones dolosas_Con arma de fuego,0.2989690721649485
285,Tlajomulco de Zúñiga,Fraude,0.2957762023150923
286,Zapopan,Abuso sexual,0.29577105144645777
287,Zapopan,Abuso sexual_Abuso sexual,0.29577105144645777
288,Tlajomulco de Zúñiga,Otros delitos del Fuero Común,0.2949513969540367
289,Tonalá,Robo_Robo de autopartes,0.2909138573807972
290,Guadalajara,Robo_Otros robos_Con violencia,0.28641975308641965
291,Acatlán de Juárez,Homicidio_Homicidio culposo_En accidente de tránsito,0.2857142857142858
292,Ixtlahuacán de los Membrillos,Robo_Otros robos,0.2830278266826407
293,El Salto,Lesiones_Lesiones culposas_En accidente de tránsito,0.28260869565217384
294,San Pedro Tlaquepaque,Robo_Robo de vehículo automotor_Robo de motocicleta Con violencia,0.282258064516129
295,Tlajomulco de Zúñiga,Allanamiento de morada,0.2810591159138429
296,Tlajomulco de Zúñiga,Allanamiento de morada_Allanamiento de morada,0.2810591159138429
297,Zapopan,Falsificación_Falsificación_Falsificación,0.2761904761904761
298,Tonalá,Robo_Otros robos,0.2735221375197061
299,Acatlán de Juárez,Homicidio_Homicidio culposo,0.2694006272319889
300,Juanacatlán,Daño a la propiedad_Daño a la propiedad_Daño a la propiedad,0.2666666666666666
301,Tonalá,Homicidio_Homicidio doloso_Con arma blanca,0.2666666666666666
302,Juanacatlán,Lesiones,0.26558047887505154
303,Tlajomulco de Zúñiga,Lesiones_Lesiones dolosas,0.262790593503629
304,Zapopan,Lesiones_Lesiones dolosas_Con arma blanca,0.25396825396825395
305,Tonalá,Robo_Otros robos_Sin violencia,0.2525252525252526
306,Ixtlahuacán de los Membrillos,Otros delitos que atentan contra la libertad personal_Otros delitos que atentan contra la libertad personal_Otros delitos que atentan contra la libertad personal,0.25
307,San Pedro Tlaquepaque,Robo_Robo de maquinaria_Robo de herramienta industrial o agrícola Con violencia,0.25
308,San Pedro Tlaquepaque,Falsedad_Falsedad_Falsedad,0.25
309,Ixtlahuacán de los Membrillos,Fraude_Fraude,0.25
310,Ixtlahuacán de los Membrillos,Fraude_Fraude_Fraude,0.25
311,Tlajomulco de Zúñiga,Homicidio_Homicidio culposo_En accidente de tránsito,0.25
312,Acatlán de Juárez,Robo_Robo de vehículo automotor_Robo de motocicleta Sin violencia,0.25
313,Zapopan,Falsificación,0.24717078567981954
314,Zapopan,Falsificación_Falsificación,0.24717078567981954
315,Guadalajara,Robo_Robo de vehículo automotor_Robo de coche de 4 ruedas Sin violencia,0.24716743600503577
316,San Pedro Tlaquepaque,Falsedad,0.2337345177273773
317,San Pedro Tlaquepaque,Falsedad_Falsedad,0.2337345177273773
318,Tlajomulco de Zúñiga,Lesiones,0.23105279479760155
319,El Salto,Robo_Otros robos_Con violencia,0.23076923076923084
320,Guadalajara,Homicidio_Homicidio culposo,0.2305743655060417
321,Zapotlanejo,Lesiones,0.22789762088106502
322,El Salto,Lesiones_Lesiones culposas,0.2275392917991892
323,Tlajomulco de Zúñiga,Abuso sexual_Abuso sexual_Abuso sexual,0.22413793103448265
324,Zapopan,Robo_Robo en transporte público colectivo_Con violencia,0.22222222222222232
325,El Salto,Robo_Robo de vehículo automotor,0.2220670369650426
326,Tlajomulco de Zúñiga,Lesiones_Lesiones dolosas_Con otro elemento,0.2220279720279721
327,San Pedro Tlaquepaque,Fraude_Fraude_Fraude,0.22123893805309724
328,San Pedro Tlaquepaque,Fraude_Fraude,0.22123893805309724
329,Ixtlahuacán de los Membrillos,Fraude,0.22110710629831565
330,Ixtlahuacán de los Membrillos,Otros delitos que atentan contra la libertad personal,0.21936814054411102
331,Ixtlahuacán de los Membrillos,Otros delitos que atentan contra la libertad personal_Otros delitos que atentan contra la libertad personal,0.21936814054411102
332,San Pedro Tlaquepaque,Robo_Otros robos,0.21469102359747927
333,San Pedro Tlaquepaque,Robo_Otros robos_Sin violencia,0.20900594732370426
334,Acatlán de Juárez,Lesiones,0.2085149697094404
335,San Pedro Tlaquepaque,Fraude,0.20652587587194082
336,Guadalajara,Homicidio_Homicidio culposo_En accidente de tránsito,0.20388349514563098
337,Zapopan,Robo_Robo de vehículo automotor_Robo de coche de 4 ruedas Sin violencia,0.20164986251145733
338,El Salto,Robo_Robo a transeúnte en espacio abierto al público_Con violencia,0.19999999999999996
339,Guadalajara,Corrupción de menores_Corrupción de menores_Corrupción de menores,0.19999999999999996
340,Guadalajara,Corrupción de menores_Corrupción de menores,0.1998616981418142
341,Guadalajara,Corrupción de menores,0.1998616981418142
342,Zapotlanejo,Daño a la propiedad,0.19531833870554727
343,Zapotlanejo,Daño a la propiedad_Daño a la propiedad,0.19531833870554727
344,Tlajomulco de Zúñiga,Daño a la propiedad_Daño a la propiedad_Daño a la propiedad,0.19495412844036708
345,Tonalá,Delitos cometidos por servidores públicos_Delitos cometidos por servidores públicos_Delitos cometidos por servidores públicos,0.19047619047619047
346,Tlajomulco de Zúñiga,Abuso sexual,0.1903299428110372
347,Tlajomulco de Zúñiga,Abuso sexual_Abuso sexual,0.1903299428110372
348,Ixtlahuacán de los Membrillos,Otros delitos del Fuero Común_Otros delitos del Fuero Común_Otros delitos del Fuero Común,0.18918918918918926
349,Ixtlahuacán de los Membrillos,Otros delitos del Fuero Común_Otros delitos del Fuero Común,0.18918918918918926
350,Zapotlanejo,Abuso sexual,0.18850135592315653
351,Zapotlanejo,Abuso sexual_Abuso sexual,0.18850135592315653
352,Tlajomulco de Zúñiga,Homicidio_Homicidio doloso_Con otro elemento,0.1875
353,Zapopan,Fraude_Fraude,0.18615751789976143
354,Zapopan,Fraude_Fraude_Fraude,0.18615751789976143
355,Tlajomulco de Zúñiga,Robo_Otros robos_Con violencia,0.18461538461538463
356,Tonalá,Delitos cometidos por servidores públicos_Delitos cometidos por servidores públicos,0.18219545496139
357,Tonalá,Delitos cometidos por servidores públicos,0.18219545496139
358,Juanacatlán,Daño a la propiedad_Daño a la propiedad,0.1736626691321057
359,Juanacatlán,Daño a la propiedad,0.1736626691321057
360,Tlajomulco de Zúñiga,Homicidio_Homicidio culposo,0.17101583664343623
361,Tonalá,Fraude_Fraude_Fraude,0.16874999999999996
362,Tonalá,Fraude_Fraude,0.16874999999999996
363,Tlajomulco de Zúñiga,Lesiones_Lesiones culposas_Con otro elemento,0.16666666666666674
364,Zapotlanejo,Daño a la propiedad_Daño a la propiedad_Daño a la propiedad,0.16666666666666674
365,San Pedro Tlaquepaque,Robo_Robo en transporte público individual_Sin violencia,0.16666666666666674
366,Ixtlahuacán de los Membrillos,Otros delitos del Fuero Común,0.16425703643140577
367,Tlajomulco de Zúñiga,Daño a la propiedad_Daño a la propiedad,0.16304470868973575
368,Tlajomulco de Zúñiga,Daño a la propiedad,0.16304470868973575
369,Zapopan,Fraude,0.16200941117451229
370,Zapotlanejo,Abuso sexual_Abuso sexual_Abuso sexual,0.15999999999999992
371,Tonalá,Fraude,0.15965203714400023
372,Tlajomulco de Zúñiga,Violación simple_Violación simple_Violación simple,0.15909090909090917
373,Zapotlanejo,Otros delitos del Fuero Común,0.1515718313375416
374,Tlajomulco de Zúñiga,Robo_Otros robos_Sin violencia,0.14852607709750565
375,Ixtlahuacán de los Membrillos,Despojo_Despojo_Despojo,0.1428571428571428
376,San Pedro Tlaquepaque,Abuso sexual_Abuso sexual_Abuso sexual,0.1420118343195267
377,San Pedro Tlaquepaque,Otros delitos del Fuero Común_Otros delitos del Fuero Común,0.1390041493775933
378,San Pedro Tlaquepaque,Otros delitos del Fuero Común_Otros delitos del Fuero Común_Otros delitos del Fuero Común,0.1390041493775933
379,San Pedro Tlaquepaque,Homicidio_Homicidio doloso_Con arma de fuego,0.13736263736263732
380,Tlajomulco de Zúñiga,Lesiones_Lesiones culposas_En accidente de tránsito,0.13422818791946312
381,Tonalá,Otros delitos del Fuero Común_Otros delitos del Fuero Común_Otros delitos del Fuero Común,0.1335978835978835
382,Tonalá,Otros delitos del Fuero Común_Otros delitos del Fuero Común,0.1335978835978835
383,Zapopan,Narcomenudeo_Narcomenudeo_Narcomenudeo,0.13043478260869557
384,Zapopan,Amenazas_Amenazas_Amenazas,0.13022981732469052
385,Tlajomulco de Zúñiga,Violación simple,0.12864463728008046
386,Tlajomulco de Zúñiga,Violación simple_Violación simple,0.12864463728008046
387,San Pedro Tlaquepaque,Abuso sexual,0.12776540701307804
388,San Pedro Tlaquepaque,Abuso sexual_Abuso sexual,0.12776540701307804
389,Zapopan,Robo_Robo de vehículo automotor,0.12689116995529126
390,Juanacatlán,Robo_Robo de vehículo automotor_Robo de motocicleta Sin violencia,0.125
391,Tonalá,Corrupción de menores_Corrupción de menores_Corrupción de menores,0.125
392,Juanacatlán,Robo_Robo a transeúnte en vía pública_Con violencia,0.125
393,San Pedro Tlaquepaque,Otros delitos del Fuero Común,0.12484864699561116
394,Tonalá,Otros delitos del Fuero Común,0.12410185363833537
395,San Pedro Tlaquepaque,Daño a la propiedad_Daño a la propiedad_Daño a la propiedad,0.1234567901234569
396,Tlajomulco de Zúñiga,Robo_Otros robos,0.12282033180247853
397,Zapotlanejo,Otros delitos del Fuero Común_Otros delitos del Fuero Común,0.12280701754385959
398,Zapotlanejo,Otros delitos del Fuero Común_Otros delitos del Fuero Común_Otros delitos del Fuero Común,0.12280701754385959
399,San Pedro Tlaquepaque,Robo_Robo de autopartes_Sin violencia,0.12264150943396235
400,El Salto,Abuso sexual_Abuso sexual_Abuso sexual,0.1206896551724137
401,Tonalá,Corrupción de menores_Corrupción de menores,0.11850221534546579
402,Tonalá,Corrupción de menores,0.11850221534546579
403,San Pedro Tlaquepaque,Robo_Robo de autopartes,0.11735677021177371
404,Ixtlahuacán de los Membrillos,Despojo,0.11385021286781338
405,Ixtlahuacán de los Membrillos,Despojo_Despojo,0.11385021286781338
406,El Salto,Lesiones,0.11361890258140783
407,Guadalajara,Robo_Robo de vehículo automotor,0.11118537642225901
408,San Pedro Tlaquepaque,Daño a la propiedad,0.10962772099738682
409,San Pedro Tlaquepaque,Daño a la propiedad_Daño a la propiedad,0.10962772099738682
410,Tlajomulco de Zúñiga,Robo_Robo a casa habitación_Sin violencia,0.10948905109489049
411,Zapopan,Narcomenudeo_Narcomenudeo,0.10806804614525278
412,Zapopan,Narcomenudeo,0.10806804614525278
413,Zapopan,Amenazas_Amenazas,0.10682432822574528
414,Zapopan,Amenazas,0.10682432822574528
415,Zapopan,Violación simple_Violación simple_Violación simple,0.10679611650485432
416,Guadalajara,Robo_Robo en transporte público individual,0.10507266737882137
417,San Pedro Tlaquepaque,Feminicidio,0.10495412081343791
418,San Pedro Tlaquepaque,Feminicidio_Feminicidio,0.10495412081343791
419,Tlajomulco de Zúñiga,Violencia familiar_Violencia familiar_Violencia familiar,0.10355987055016191
420,Tonalá,Robo_Robo en transporte público colectivo_Sin violencia,0.10000000000000009
421,Tlajomulco de Zúñiga,Amenazas_Amenazas_Amenazas,0.09639953542392576
422,El Salto,Robo,0.09547891590366975
423,San Pedro Tlaquepaque,Homicidio_Homicidio culposo_En accidente de tránsito,0.09433962264150941
424,El Salto,Lesiones_Lesiones dolosas,0.09192901882157134
425,Tlajomulco de Zúñiga,Lesiones_Lesiones culposas,0.09155563723954341
426,San Pedro Tlaquepaque,Amenazas_Amenazas_Amenazas,0.08891213389121333
427,Zapopan,Violación simple,0.08457548857748387
428,Zapopan,Violación simple_Violación simple,0.08457548857748387
429,Guadalajara,Violencia familiar_Violencia familiar_Violencia familiar,0.08414872798434447
430,Guadalajara,Violencia familiar_Violencia familiar,0.08402261350321338
431,Guadalajara,Violencia familiar,0.08402261350321338
432,Juanacatlán,Amenazas_Amenazas_Amenazas,0.08333333333333326
433,Zapopan,Homicidio_Homicidio doloso_Con arma de fuego,0.0826446280991735
434,Tonalá,Abuso sexual_Abuso sexual_Abuso sexual,0.08227848101265822
435,El Salto,Fraude_Fraude,0.08000000000000007
436,El Salto,Fraude_Fraude_Fraude,0.08000000000000007
437,Acatlán de Juárez,Lesiones_Lesiones dolosas_Con otro elemento,0.07894736842105265
438,San Pedro Tlaquepaque,Robo_Robo de vehículo automotor_Robo de coche de 4 ruedas Sin violencia,0.07881773399014769
439,San Pedro Tlaquepaque,Homicidio_Homicidio doloso,0.0762663118789273
440,Guadalajara,Lesiones_Lesiones dolosas_Con otro elemento,0.07574391343552755
441,San Pedro Tlaquepaque,Amenazas,0.07551810856424801
442,San Pedro Tlaquepaque,Amenazas_Amenazas,0.07551810856424801
443,Tlajomulco de Zúñiga,Violencia familiar_Violencia familiar,0.07388993317171799
444,Tlajomulco de Zúñiga,Violencia familiar,0.07388993317171799
445,Guadalajara,Lesiones_Lesiones dolosas_Con arma de fuego,0.07361963190184051
446,Tonalá,Abuso sexual,0.07311015005586174
447,Tonalá,Abuso sexual_Abuso sexual,0.07311015005586174
448,Guadalajara,Otros delitos del Fuero Común_Otros delitos del Fuero Común_Otros delitos del Fuero Común,0.07206518971224862
449,Guadalajara,Otros delitos del Fuero Común_Otros delitos del Fuero Común,0.07206518971224862
450,Guadalajara,Otros delitos del Fuero Común,0.07190771423385578
451,Juanacatlán,Lesiones_Lesiones dolosas_Con otro elemento,0.0714285714285714
452,San Pedro Tlaquepaque,Homicidio,0.07000045849040393
453,Zapopan,Lesiones_Lesiones dolosas_Con otro elemento,0.06875000000000009
454,Zapopan,Otros delitos del Fuero Común_Otros delitos del Fuero Común_Otros delitos del Fuero Común,0.06806097128677768
455,Zapopan,Otros delitos del Fuero Común_Otros delitos del Fuero Común,0.06806097128677768
456,El Salto,Abuso sexual_Abuso sexual,0.06771911513227802
457,El Salto,Abuso sexual,0.06771911513227802
458,Tlajomulco de Zúñiga,Amenazas,0.06727020252143467
459,Tlajomulco de Zúñiga,Amenazas_Amenazas,0.06727020252143467
460,San Pedro Tlaquepaque,Lesiones_Lesiones dolosas,0.06471465299756596
461,Guadalajara,Lesiones_Lesiones dolosas,0.06229841503856193
462,Tlajomulco de Zúñiga,Robo_Robo a casa habitación,0.061814690579199416
463,Guadalajara,Fraude_Fraude,0.058999253174010446
464,Guadalajara,Fraude_Fraude_Fraude,0.058999253174010446
465,Guadalajara,Fraude,0.05885978094414179
466,Ixtlahuacán de los Membrillos,Robo,0.05694346356589208
467,Guadalajara,Lesiones,0.05621017066021561
468,Juanacatlán,Robo_Otros robos,0.05603111838695529
469,Zapopan,Homicidio_Homicidio doloso_Con arma blanca,0.05555555555555558
470,Acatlán de Juárez,Lesiones_Lesiones dolosas,0.0541855252290826
471,Zapopan,Robo_Robo de autopartes_Sin violencia,0.050970873786407855
472,San Pedro Tlaquepaque,Lesiones,0.05016003395578106
473,El Salto,Otros delitos contra la familia_Otros delitos contra la familia_Otros delitos contra la familia,0.050000000000000044
474,Zapotlanejo,Violencia familiar,0.04856483354187402
475,Zapotlanejo,Violencia familiar_Violencia familiar,0.04856483354187402
476,San Pedro Tlaquepaque,Violencia familiar_Violencia familiar_Violencia familiar,0.04727921498661902
477,Zapopan,Otros delitos del Fuero Común,0.04600875080881184
478,Juanacatlán,Homicidio_Homicidio doloso,0.04400238808282664
479,Tlajomulco de Zúñiga,Robo,0.04167679291012316
480,El Salto,Daño a la propiedad_Daño a la propiedad_Daño a la propiedad,0.04137931034482767
481,San Pedro Tlaquepaque,Homicidio_Homicidio culposo,0.03992396927321673
482,Zapotlanejo,Narcomenudeo,0.038329427964811646
483,Zapotlanejo,Narcomenudeo_Narcomenudeo,0.038329427964811646
484,Guadalajara,Lesiones_Lesiones culposas,0.038022858298401685
485,Zapopan,Lesiones_Lesiones culposas_En accidente de tránsito,0.03785488958990535
486,El Salto,Despojo_Despojo_Despojo,0.037735849056603765
487,El Salto,Amenazas_Amenazas_Amenazas,0.03759398496240607
488,San Pedro Tlaquepaque,Robo,0.03580891475448089
489,El Salto,Robo_Robo a transeúnte en vía pública_Sin violencia,0.034482758620689724
490,San Pedro Tlaquepaque,Violencia familiar_Violencia familiar,0.034286624202977345
491,San Pedro Tlaquepaque,Violencia familiar,0.034286624202977345
492,Tonalá,Robo_Robo de vehículo automotor_Robo de motocicleta Con violencia,0.03361344537815136
493,Zapotlanejo,Robo_Robo de ganado,0.03220606399459469
494,Juanacatlán,Lesiones_Lesiones dolosas,0.03137964437190588
495,Tonalá,Otros delitos contra la familia_Otros delitos contra la familia_Otros delitos contra la familia,0.02857142857142847
496,Tonalá,Robo_Robo de vehículo automotor_Robo de motocicleta Sin violencia,0.028301886792452935
497,Zapopan,Robo_Robo de autopartes,0.02825335026656406
498,El Salto,Fraude,0.02780044746012389
499,Tlajomulco de Zúñiga,Homicidio_Homicidio doloso_Con arma de fuego,0.02777777777777768
500,El Salto,Abuso de confianza_Abuso de confianza,0.027027027027026973
501,El Salto,Abuso de confianza_Abuso de confianza_Abuso de confianza,0.027027027027026973
502,Zapotlanejo,Falsificación_Falsificación,0.02691833478208805
503,Zapotlanejo,Falsificación,0.02691833478208805
504,Guadalajara,Abuso sexual_Abuso sexual_Abuso sexual,0.02676399026763998
505,Guadalajara,Abuso sexual,0.026619195157231434
506,Guadalajara,Abuso sexual_Abuso sexual,0.026619195157231434
507,Zapotlanejo,Violencia familiar_Violencia familiar_Violencia familiar,0.02564102564102555
508,Zapopan,Delitos cometidos por servidores públicos_Delitos cometidos por servidores públicos_Delitos cometidos por servidores públicos,0.023255813953488413
509,El Salto,Lesiones_Lesiones dolosas_Con otro elemento,0.022727272727272707
510,Juanacatlán,Violencia familiar_Violencia familiar_Violencia familiar,0.021739130434782705
511,Tonalá,Otros delitos contra la familia_Otros delitos contra la familia,0.020139322463738285
512,Tonalá,Otros delitos contra la familia,0.020139322463738285
513,Guadalajara,Lesiones_Lesiones culposas_En accidente de tránsito,0.01943844492440605
514,Zapopan,Lesiones_Lesiones dolosas,0.019366907093584018
515,Tlajomulco de Zúñiga,Homicidio,0.017731561794374295
516,Guadalajara,Robo,0.015141421073809669
517,Guadalajara,Amenazas_Amenazas_Amenazas,0.014508928571428603
518,Guadalajara,Amenazas_Amenazas,0.014382509633179774
519,Guadalajara,Amenazas,0.014382509633179774
520,Zapopan,Lesiones,0.01394703123074481
521,El Salto,Otros delitos del Fuero Común_Otros delitos del Fuero Común,0.011173184357541999
522,El Salto,Otros delitos del Fuero Común_Otros delitos del Fuero Común_Otros delitos del Fuero Común,0.011173184357541999
523,Tlajomulco de Zúñiga,Robo_Robo a transeúnte en vía pública_Con violencia,0.010683760683760646
524,Tonalá,Homicidio_Homicidio culposo,0.01052372734957574
525,Guadalajara,Delitos cometidos por servidores públicos_Delitos cometidos por servidores públicos_Delitos cometidos por servidores públicos,0.008333333333333304
526,Guadalajara,Delitos cometidos por servidores públicos_Delitos cometidos por servidores públicos,0.008236861942504392
527,Guadalajara,Delitos cometidos por servidores públicos,0.008236861942504392
528,Zapotlanejo,Lesiones_Lesiones culposas,0.008219408295814246
529,Zapopan,Delitos cometidos por servidores públicos_Delitos cometidos por servidores públicos,0.00765644492687656
530,Zapopan,Delitos cometidos por servidores públicos,0.00765644492687656
531,Zapopan,Otros delitos que atentan contra la libertad personal_Otros delitos que atentan contra la libertad personal_Otros delitos que atentan contra la libertad personal,0.0060975609756097615
532,Juanacatlán,Amenazas_Amenazas,0.004746421545557045
533,Juanacatlán,Amenazas,0.004746421545557045
534,Zapopan,Robo_Robo en transporte público individual,0.0047127968239182305
535,Guadalajara,Despojo_Despojo_Despojo,0.004201680672268893
536,Guadalajara,Despojo_Despojo,0.004098103174282164
537,Guadalajara,Despojo,0.004098103174282164
538,San Pedro Tlaquepaque,Lesiones_Lesiones dolosas_Con otro elemento,0.0019646365422396617
539,Acatlán de Juárez,Abuso de confianza_Abuso de confianza,0.0
540,Guadalajara,Otros delitos contra la sociedad_Otros delitos contra la sociedad_Otros delitos contra la sociedad,0.0
541,Zapopan,Aborto_Aborto_Aborto,0.0
542,Juanacatlán,Otros delitos del Fuero Común_Otros delitos del Fuero Común,0.0
543,Ixtlahuacán de los Membrillos,Robo_Robo a transportista_Sin violencia,0.0
544,Guadalajara,Robo_Robo en transporte público colectivo_Con violencia,0.0
545,Guadalajara,Robo_Robo en transporte público individual_Con violencia,0.0
546,San Pedro Tlaquepaque,Aborto_Aborto_Aborto,0.0
547,Ixtlahuacán de los Membrillos,Hostigamiento sexual_Hostigamiento sexual_Hostigamiento sexual,0.0
548,Tlajomulco de Zúñiga,Corrupción de menores_Corrupción de menores_Corrupción de menores,0.0
549,Zapotlanejo,Narcomenudeo_Narcomenudeo_Narcomenudeo,0.0
550,Zapotlanejo,Falsificación_Falsificación_Falsificación,0.0
551,El Salto,Lesiones_Lesiones culposas_Con otro elemento,0.0
552,Zapopan,Secuestro_Secuestro_Secuestro extorsivo,0.0
553,Juanacatlán,Homicidio_Homicidio culposo_En accidente de tránsito,0.0
554,Juanacatlán,Allanamiento de morada_Allanamiento de morada_Allanamiento de morada,0.0
555,Juanacatlán,Falsificación_Falsificación_Falsificación,0.0
556,Juanacatlán,Otros delitos que atentan contra la libertad y la seguridad sexual_Otros delitos que atentan contra la libertad y la seguridad sexual_Otros delitos que atentan contra la libertad y la seguridad sexual,0.0
557,Juanacatlán,Violación simple_Violación simple_Violación simple,0.0
558,Juanacatlán,Acoso sexual_Acoso sexual_Acoso sexual,0.0
559,San Pedro Tlaquepaque,Acoso sexual_Acoso sexual_Acoso sexual,0.0
560,Tlajomulco de Zúñiga,Robo_Robo de maquinaria_Robo de tractores Con violencia,0.0
561,Juanacatlán,Otros delitos del Fuero Común_Otros delitos del Fuero Común_Otros delitos del Fuero Común,0.0
562,Zapotlanejo,Homicidio_Homicidio doloso_Con arma de fuego,0.0
563,Juanacatlán,Robo_Otros robos_Sin violencia,0.0
564,San Pedro Tlaquepaque,Hostigamiento sexual_Hostigamiento sexual_Hostigamiento sexual,0.0
565,Zapotlanejo,Robo_Robo de ganado_Sin violencia,0.0
566,Zapotlanejo,Robo_Otros robos_Sin violencia,0.0
567,Juanacatlán,Robo_Robo a negocio_Con violencia,0.0
568,Ixtlahuacán de los Membrillos,Otros delitos contra la familia_Otros delitos contra la familia_Otros delitos contra la familia,0.0
569,Zapopan,Homicidio_Homicidio culposo_Con otro elemento,0.0
570,Ixtlahuacán de los Membrillos,Allanamiento de morada_Allanamiento de morada_Allanamiento de morada,0.0
571,Guadalajara,Aborto_Aborto,0.0
572,San Pedro Tlaquepaque,Lesiones_Lesiones dolosas_Con arma blanca,0.0
573,El Salto,Homicidio_Homicidio doloso_Con otro elemento,0.0
574,Acatlán de Juárez,Abuso de confianza_Abuso de confianza_Abuso de confianza,0.0
575,San Pedro Tlaquepaque,Robo_Robo a transeúnte en vía pública_Con violencia,0.0
576,San Pedro Tlaquepaque,Aborto_Aborto,0.0
577,El Salto,Homicidio_Homicidio doloso_No especificado,0.0
578,Tonalá,Homicidio_Homicidio culposo_En accidente de tránsito,0.0
579,Zapopan,Aborto_Aborto,0.0
580,El Salto,Homicidio_Homicidio culposo_En accidente de tránsito,0.0
581,Acatlán de Juárez,Allanamiento de morada_Allanamiento de morada_Allanamiento de morada,0.0
582,Acatlán de Juárez,Lesiones_Lesiones dolosas_Con arma de fuego,0.0
583,Guadalajara,Aborto_Aborto_Aborto,0.0
584,Ixtlahuacán de los Membrillos,Homicidio_Homicidio doloso_Con arma de fuego,0.0
585,Acatlán de Juárez,Robo_Robo de vehículo automotor_Robo de motocicleta Con violencia,0.0
586,El Salto,Feminicidio_Feminicidio_No especificado,0.0
587,El Salto,Robo_Robo a institución bancaria_Con violencia,0.0
588,Tlajomulco de Zúñiga,Feminicidio_Feminicidio_Con arma de fuego,0.0
589,Zapotlanejo,Homicidio_Homicidio doloso_Con otro elemento,0.0
590,Acatlán de Juárez,Robo_Robo a casa habitación_Con violencia,0.0
591,Acatlán de Juárez,Lesiones_Lesiones dolosas_Con arma blanca,0.0
592,Tonalá,Robo_Robo de ganado_Sin violencia,0.0
593,Zapotlanejo,Robo_Robo de vehículo automotor_Robo de motocicleta Con violencia,0.0
594,Zapopan,Allanamiento de morada_Allanamiento de morada_Allanamiento de morada,0.0
595,Guadalajara,Otros delitos contra la sociedad_Otros delitos contra la sociedad,-5.224952668603233e-05
596,Guadalajara,Otros delitos contra la sociedad,-5.224952668603233e-05
597,Guadalajara,Aborto,-0.00023508079350209599
598,Zapopan,Lesiones_Lesiones culposas,-0.0018175566828571021
599,San Pedro Tlaquepaque,Lesiones_Lesiones culposas_En accidente de tránsito,-0.006711409395973145
600,Juanacatlán,Robo,-0.007587099227372773
601,Guadalajara,Lesiones_Lesiones dolosas_Con arma blanca,-0.007633587786259555
602,San Pedro Tlaquepaque,Hostigamiento sexual_Hostigamiento sexual,-0.008171874703862603
603,San Pedro Tlaquepaque,Hostigamiento sexual,-0.008171874703862603
604,El Salto,Violencia familiar_Violencia familiar_Violencia familiar,-0.008498583569405138
605,El Salto,Daño a la propiedad,-0.008756251738651688
606,El Salto,Daño a la propiedad_Daño a la propiedad,-0.008756251738651688
607,Acatlán de Juárez,Allanamiento de morada_Allanamiento de morada,-0.009373737993883413
608,Acatlán de Juárez,Allanamiento de morada,-0.009373737993883413
609,Tonalá,Robo_Robo de ganado,-0.010204178634076855
610,Acatlán de Juárez,Robo_Robo a transeúnte en vía pública,-0.010240050860271022
611,San Pedro Tlaquepaque,Otros delitos que atentan contra la libertad personal_Otros delitos que atentan contra la libertad personal_Otros delitos que atentan contra la libertad personal,-0.01041666666666663
612,San Pedro Tlaquepaque,Robo_Robo a institución bancaria,-0.011615018653006626
613,San Pedro Tlaquepaque,Lesiones_Lesiones culposas,-0.011824516281477071
614,Acatlán de Juárez,Abuso de confianza,-0.012036158403756048
615,Tlajomulco de Zúñiga,Robo_Robo a transeúnte en vía pública_Sin violencia,-0.012195121951219523
616,Ixtlahuacán de los Membrillos,Allanamiento de morada_Allanamiento de morada,-0.012342921292387454
617,Ixtlahuacán de los Membrillos,Allanamiento de morada,-0.012342921292387454
618,Zapopan,Secuestro_Secuestro,-0.012379220121169654
619,Zapopan,Secuestro,-0.012379220121169654
620,San Pedro Tlaquepaque,Acoso sexual_Acoso sexual,-0.013109129386789098
621,San Pedro Tlaquepaque,Acoso sexual,-0.013109129386789098
622,San Pedro Tlaquepaque,Aborto,-0.013120415333200408
623,El Salto,Amenazas_Amenazas,-0.013465207876522722
624,El Salto,Amenazas,-0.013465207876522722
625,El Salto,Otros delitos contra la familia_Otros delitos contra la familia,-0.01510847098869239
626,El Salto,Otros delitos contra la familia,-0.01510847098869239
627,Zapopan,Otros delitos que atentan contra la libertad personal_Otros delitos que atentan contra la libertad personal,-0.015578494197508563
628,Zapopan,Otros delitos que atentan contra la libertad personal,-0.015578494197508563
629,El Salto,Despojo,-0.018833856624893786
630,El Salto,Despojo_Despojo,-0.018833856624893786
631,Zapopan,Allanamiento de morada_Allanamiento de morada,-0.01901900653266042
632,Zapopan,Allanamiento de morada,-0.01901900653266042
633,Tlajomulco de Zúñiga,Homicidio_Homicidio doloso,-0.01928770387972234
634,Ixtlahuacán de los Membrillos,Robo_Robo a transeúnte en vía pública,-0.019309204339281405
635,Zapopan,Aborto,-0.021782014435993924
636,Ixtlahuacán de los Membrillos,Otros delitos contra la familia,-0.021806784441996685
637,Ixtlahuacán de los Membrillos,Otros delitos contra la familia_Otros delitos contra la familia,-0.021806784441996685
638,Tlajomulco de Zúñiga,Robo_Robo a transeúnte en vía pública,-0.021854435427539398
639,San Pedro Tlaquepaque,Otros delitos que atentan contra la libertad personal,-0.021907988608833695
640,San Pedro Tlaquepaque,Otros delitos que atentan contra la libertad personal_Otros delitos que atentan contra la libertad personal,-0.021907988608833695
641,Guadalajara,Homicidio,-0.023471041615112487
642,Ixtlahuacán de los Membrillos,Hostigamiento sexual,-0.024718531708109892
643,Ixtlahuacán de los Membrillos,Hostigamiento sexual_Hostigamiento sexual,-0.024718531708109892
644,Tlajomulco de Zúñiga,Corrupción de menores_Corrupción de menores,-0.026988459235523288
645,Tlajomulco de Zúñiga,Corrupción de menores,-0.026988459235523288
646,El Salto,Abuso de confianza,-0.028201448217090475
647,San Pedro Tlaquepaque,Falsificación_Falsificación_Falsificación,-0.030303030303030276
648,Guadalajara,Falsedad_Falsedad_Falsedad,-0.032258064516129004
649,Guadalajara,Falsedad,-0.03231755228997013
650,Guadalajara,Falsedad_Falsedad,-0.03231755228997013
651,San Pedro Tlaquepaque,Robo_Robo a transportista_Con violencia,-0.03296703296703296
652,El Salto,Robo_Robo a transportista_Con violencia,-0.033333333333333326
653,Zapopan,Robo,-0.03579650638492937
654,Zapopan,Robo_Robo de vehículo automotor_Robo de coche de 4 ruedas Con violencia,-0.03678929765886285
655,El Salto,Otros delitos del Fuero Común,-0.041932745163612895
656,Tlajomulco de Zúñiga,Acoso sexual_Acoso sexual_Acoso sexual,-0.04347826086956519
657,San Pedro Tlaquepaque,Falsificación,-0.04373288342956627
658,San Pedro Tlaquepaque,Falsificación_Falsificación,-0.04373288342956627
659,Juanacatlán,Otros delitos que atentan contra la libertad y la seguridad sexual,-0.0439400667830433
660,Juanacatlán,Otros delitos que atentan contra la libertad y la seguridad sexual_Otros delitos que atentan contra la libertad y la seguridad sexual,-0.0439400667830433
661,Zapopan,Otros delitos contra la familia_Otros delitos contra la familia_Otros delitos contra la familia,-0.04477611940298509
662,Tonalá,Violencia familiar_Violencia familiar_Violencia familiar,-0.04487179487179482
663,Zapopan,Despojo_Despojo_Despojo,-0.04528301886792452
664,Zapotlanejo,Lesiones_Lesiones culposas_En accidente de tránsito,-0.045454545454545414
665,Zapopan,Homicidio_Homicidio doloso_Con otro elemento,-0.05128205128205132
666,Tonalá,Violencia familiar,-0.0525707880526608
667,Tonalá,Violencia familiar_Violencia familiar,-0.0525707880526608
668,El Salto,Homicidio_Homicidio culposo,-0.052758079778670086
669,Acatlán de Juárez,Daño a la propiedad_Daño a la propiedad_Daño a la propiedad,-0.05555555555555558
670,El Salto,Robo_Robo a institución bancaria,-0.05635051934572444
671,El Salto,Violencia familiar_Violencia familiar,-0.057304226546784465
672,El Salto,Violencia familiar,-0.057304226546784465
673,Guadalajara,Daño a la propiedad_Daño a la propiedad_Daño a la propiedad,-0.05989911727616648
674,Guadalajara,Daño a la propiedad,-0.060016330329827894
675,Guadalajara,Daño a la propiedad_Daño a la propiedad,-0.060016330329827894
676,Zapopan,Homicidio_Homicidio doloso,-0.06006436066202692
677,San Pedro Tlaquepaque,Robo_Robo a transportista,-0.061685748274928565
678,Zapopan,Daño a la propiedad_Daño a la propiedad_Daño a la propiedad,-0.0623020063357973
679,Ixtlahuacán de los Membrillos,Robo_Robo de vehículo automotor_Robo de coche de 4 ruedas Con violencia,-0.0625
680,Zapopan,Otros delitos contra la familia,-0.0629553556985637
681,Zapopan,Otros delitos contra la familia_Otros delitos contra la familia,-0.0629553556985637
682,Juanacatlán,Violencia familiar_Violencia familiar,-0.0639690458726816
683,Juanacatlán,Violencia familiar,-0.0639690458726816
684,Guadalajara,Robo_Robo a transportista_Con violencia,-0.0641025641025641
685,Zapopan,Despojo,-0.06498445620344262
686,Zapopan,Despojo_Despojo,-0.06498445620344262
687,Juanacatlán,Acoso sexual_Acoso sexual,-0.0652462719521022
688,Juanacatlán,Acoso sexual,-0.0652462719521022
689,Acatlán de Juárez,Daño a la propiedad,-0.06589507137288941
690,Acatlán de Juárez,Daño a la propiedad_Daño a la propiedad,-0.06589507137288941
691,El Salto,Allanamiento de morada_Allanamiento de morada_Allanamiento de morada,-0.06666666666666665
692,Zapopan,Homicidio,-0.06938510558499722
693,Tlajomulco de Zúñiga,Acoso sexual_Acoso sexual,-0.07080717149468674
694,Tlajomulco de Zúñiga,Acoso sexual,-0.07080717149468674
695,Guadalajara,Robo_Robo de autopartes,-0.07108720372468191
696,Ixtlahuacán de los Membrillos,Robo_Robo a transeúnte en vía pública_Con violencia,-0.0714285714285714
697,San Pedro Tlaquepaque,Otros delitos contra la familia_Otros delitos contra la familia_Otros delitos contra la familia,-0.0714285714285714
698,Guadalajara,Extorsión_Extorsión_Extorsión,-0.07236842105263153
699,Guadalajara,Extorsión_Extorsión,-0.07236842105263153
700,Guadalajara,Extorsión,-0.07247261134116578
701,Zapopan,Homicidio_Homicidio culposo_En accidente de tránsito,-0.0736842105263158
702,Tonalá,Robo_Robo en transporte público colectivo,-0.07436103778470571
703,Guadalajara,Robo_Robo de autopartes_Sin violencia,-0.07652173913043481
704,Juanacatlán,Falsificación_Falsificación,-0.07878643369507332
705,Juanacatlán,Falsificación,-0.07878643369507332
706,Juanacatlán,Allanamiento de morada_Allanamiento de morada,-0.07899202192545773
707,Juanacatlán,Allanamiento de morada,-0.07899202192545773
708,San Pedro Tlaquepaque,Homicidio_Homicidio doloso_Con arma blanca,-0.07999999999999996
709,Ixtlahuacán de los Membrillos,Daño a la propiedad_Daño a la propiedad_Daño a la propiedad,-0.08108108108108103
710,Zapopan,Daño a la propiedad_Daño a la propiedad,-0.0815025908292647
711,Zapopan,Daño a la propiedad,-0.0815025908292647
712,Juanacatlán,Otros delitos del Fuero Común,-0.08270055395977416
713,San Pedro Tlaquepaque,Otros delitos contra la familia,-0.08273757914928892
714,San Pedro Tlaquepaque,Otros delitos contra la familia_Otros delitos contra la familia,-0.08273757914928892
715,Zapopan,Abuso de confianza_Abuso de confianza_Abuso de confianza,-0.08766233766233766
716,Zapopan,Abuso de confianza_Abuso de confianza,-0.08766233766233766
717,Tonalá,Robo_Robo de vehículo automotor,-0.08870845914569725
718,Guadalajara,Narcomenudeo_Narcomenudeo_Narcomenudeo,-0.08940397350993379
719,Guadalajara,Narcomenudeo_Narcomenudeo,-0.08957937191783849
720,Guadalajara,Narcomenudeo,-0.08957937191783849
721,Zapotlanejo,Despojo,-0.09057759945456201
722,Zapotlanejo,Despojo_Despojo,-0.09057759945456201
723,Zapopan,Homicidio_Homicidio culposo,-0.09072129693784481
724,Tonalá,Daño a la propiedad_Daño a la propiedad_Daño a la propiedad,-0.09090909090909094
725,Zapopan,Lesiones_Lesiones culposas_Con otro elemento,-0.09090909090909094
726,Juanacatlán,Violación simple_Violación simple,-0.09231552972080981
727,Juanacatlán,Violación simple,-0.09231552972080981
728,Juanacatlán,Homicidio,-0.09374469185736778
729,Tonalá,Lesiones_Lesiones dolosas_Con arma de fuego,-0.09411764705882353
730,Guadalajara,Homicidio_Homicidio doloso,-0.09546340208152293
731,Tonalá,Amenazas_Amenazas_Amenazas,-0.0960099750623441
732,Guadalajara,Otros delitos contra la familia_Otros delitos contra la familia_Otros delitos contra la familia,-0.09615384615384615
733,Guadalajara,Otros delitos contra la familia_Otros delitos contra la familia,-0.09624703585568628
734,Guadalajara,Otros delitos contra la familia,-0.09624703585568628
735,Zapopan,Robo_Robo de vehículo automotor_Robo de motocicleta Con violencia,-0.09677419354838712
736,Zapotlanejo,Robo_Otros robos,-0.09708861357574639
737,Tonalá,Daño a la propiedad,-0.09845998008168466
738,Tonalá,Daño a la propiedad_Daño a la propiedad,-0.09845998008168466
739,Tlajomulco de Zúñiga,Otros delitos que atentan contra la libertad personal_Otros delitos que atentan contra la libertad personal_Otros delitos que atentan contra la libertad personal,-0.09999999999999998
740,Juanacatlán,Fraude_Fraude,-0.09999999999999998
741,Juanacatlán,Fraude_Fraude_Fraude,-0.09999999999999998
742,Tonalá,Homicidio_Homicidio doloso_Con otro elemento,-0.09999999999999998
743,Acatlán de Juárez,Robo_Robo de vehículo automotor,-0.10075998589776147
744,Ixtlahuacán de los Membrillos,Daño a la propiedad,-0.101454127521452
745,Ixtlahuacán de los Membrillos,Daño a la propiedad_Daño a la propiedad,-0.101454127521452
746,Zapopan,Violencia familiar_Violencia familiar_Violencia familiar,-0.10176619007569387
747,Zapopan,Robo_Robo a transeúnte en vía pública_Con violencia,-0.10304942166140907
748,Tonalá,Amenazas_Amenazas,-0.10327980401399739
749,Tonalá,Amenazas,-0.10327980401399739
750,Zapopan,Abuso de confianza,-0.10687535359313327
751,Tlajomulco de Zúñiga,Robo_Robo a transportista,-0.10699205093351094
752,Acatlán de Juárez,Robo_Otros robos_Sin violencia,-0.1071428571428571
753,Zapotlanejo,Otros delitos contra la familia_Otros delitos contra la familia,-0.10797804907508524
754,Zapotlanejo,Otros delitos contra la familia,-0.10797804907508524
755,San Pedro Tlaquepaque,Extorsión_Extorsión,-0.10869565217391308
756,San Pedro Tlaquepaque,Extorsión_Extorsión_Extorsión,-0.10869565217391308
757,Ixtlahuacán de los Membrillos,Robo_Robo de vehículo automotor,-0.11013602228019304
758,El Salto,Robo_Robo a casa habitación_Con violencia,-0.11111111111111116
759,Acatlán de Juárez,Robo_Robo a transeúnte en vía pública_Con violencia,-0.11111111111111116
760,Acatlán de Juárez,Robo_Robo de vehículo automotor_Robo de coche de 4 ruedas Sin violencia,-0.11111111111111116
761,Zapotlanejo,Despojo_Despojo_Despojo,-0.11111111111111116
762,El Salto,Allanamiento de morada_Allanamiento de morada,-0.11703254614211711
763,El Salto,Allanamiento de morada,-0.11703254614211711
764,Guadalajara,Robo_Robo a transportista,-0.1184107994160628
765,San Pedro Tlaquepaque,Extorsión,-0.12001933984888136
766,Zapopan,Violencia familiar_Violencia familiar,-0.12010305179514535
767,Zapopan,Violencia familiar,-0.12010305179514535
768,Tonalá,Abuso de confianza_Abuso de confianza_Abuso de confianza,-0.12121212121212122
769,Tonalá,Abuso de confianza_Abuso de confianza,-0.12121212121212122
770,San Pedro Tlaquepaque,Robo_Robo a transeúnte en vía pública,-0.12308612950921838
771,Guadalajara,Robo_Robo a transeúnte en vía pública_Con violencia,-0.12370790263421139
772,Zapotlanejo,Extorsión,-0.12405662502087578
773,Tlajomulco de Zúñiga,Otros delitos que atentan contra la libertad personal,-0.12444063591250454
774,Tlajomulco de Zúñiga,Otros delitos que atentan contra la libertad personal_Otros delitos que atentan contra la libertad personal,-0.12444063591250454
775,Zapotlanejo,Otros delitos contra la familia_Otros delitos contra la familia_Otros delitos contra la familia,-0.125
776,Tonalá,Otros delitos que atentan contra la libertad personal_Otros delitos que atentan contra la libertad personal_Otros delitos que atentan contra la libertad personal,-0.125
777,Ixtlahuacán de los Membrillos,Robo_Robo a negocio_Con violencia,-0.125
778,Tonalá,Homicidio,-0.12605510291645095
779,Tonalá,Abuso de confianza,-0.12910910420585098
780,Tonalá,Homicidio_Homicidio doloso_Con arma de fuego,-0.13
781,Zapopan,Contra el medio ambiente_Contra el medio ambiente_Contra el medio ambiente,-0.13043478260869568
782,Tonalá,Otros delitos que atentan contra la libertad personal_Otros delitos que atentan contra la libertad personal,-0.1318280438054713
783,Tonalá,Otros delitos que atentan contra la libertad personal,-0.1318280438054713
784,Tonalá,Falsificación_Falsificación_Falsificación,-0.1333333333333333
785,Acatlán de Juárez,Amenazas_Amenazas_Amenazas,-0.1333333333333333
786,Tlajomulco de Zúñiga,Robo_Robo de vehículo automotor_Robo de motocicleta Con violencia,-0.13636363636363635
787,Acatlán de Juárez,Homicidio,-0.13705628660840874
788,Tonalá,Lesiones_Lesiones culposas,-0.13755124457330403
789,Tonalá,Falsificación_Falsificación,-0.14155370120360777
790,Tonalá,Falsificación,-0.14155370120360777
791,El Salto,Robo_Robo a transportista,-0.1425966489203092
792,Tonalá,Lesiones_Lesiones dolosas_Con arma blanca,-0.1428571428571429
793,Tlajomulco de Zúñiga,Contra el medio ambiente_Contra el medio ambiente_Contra el medio ambiente,-0.1428571428571429
794,Acatlán de Juárez,Despojo_Despojo_Despojo,-0.1428571428571429
795,El Salto,Delitos cometidos por servidores públicos_Delitos cometidos por servidores públicos_Delitos cometidos por servidores públicos,-0.1428571428571429
796,Zapotlanejo,Extorsión_Extorsión_Extorsión,-0.1428571428571429
797,Zapotlanejo,Extorsión_Extorsión,-0.1428571428571429
798,Acatlán de Juárez,Amenazas,-0.1437292391446635
799,Acatlán de Juárez,Amenazas_Amenazas,-0.1437292391446635
800,Tonalá,Robo,-0.14643073881916435
801,Tonalá,Lesiones,-0.14677490930810988
802,Tlajomulco de Zúñiga,Robo_Robo a casa habitación_Con violencia,-0.1470588235294118
803,Tonalá,Lesiones_Lesiones dolosas,-0.14898127208447376
804,Zapopan,Contra el medio ambiente_Contra el medio ambiente,-0.14976902788258717
805,Zapopan,Contra el medio ambiente,-0.14976902788258717
806,Tonalá,Lesiones_Lesiones dolosas_Con otro elemento,-0.15165876777251186
807,Guadalajara,Robo_Robo de vehículo automotor_Robo de coche de 4 ruedas Con violencia,-0.15548172757475087
808,Acatlán de Juárez,Despojo,-0.1558292503372899
809,Acatlán de Juárez,Despojo_Despojo,-0.1558292503372899
810,Tonalá,Lesiones_Lesiones culposas_En accidente de tránsito,-0.16153846153846152
811,Juanacatlán,Robo_Robo de vehículo automotor_Robo de coche de 4 ruedas Con violencia,-0.16666666666666663
812,Zapotlanejo,Fraude,-0.16775492922080015
813,Guadalajara,Robo_Robo a transeúnte en vía pública,-0.16837249955412137
814,Ixtlahuacán de los Membrillos,Lesiones_Lesiones dolosas,-0.16912234079401123
815,Tonalá,Homicidio_Homicidio doloso,-0.16999749253569574
816,Juanacatlán,Fraude,-0.1710266467126711
817,Tlajomulco de Zúñiga,Contra el medio ambiente,-0.17612947735209705
818,Tlajomulco de Zúñiga,Contra el medio ambiente_Contra el medio ambiente,-0.17612947735209705
819,Tonalá,Robo_Robo a transeúnte en vía pública_Con violencia,-0.1769436997319035
820,Tonalá,Despojo_Despojo_Despojo,-0.18000000000000005
821,Zapopan,Robo_Robo en transporte público individual_Con violencia,-0.18181818181818177
822,Tlajomulco de Zúñiga,Robo_Robo a transportista_Con violencia,-0.18181818181818177
823,San Pedro Tlaquepaque,Abuso de confianza_Abuso de confianza,-0.18333333333333335
824,San Pedro Tlaquepaque,Abuso de confianza_Abuso de confianza_Abuso de confianza,-0.18333333333333335
825,Zapotlanejo,Fraude_Fraude,-0.18604651162790697
826,Zapotlanejo,Fraude_Fraude_Fraude,-0.18604651162790697
827,Guadalajara,Robo_Robo de vehículo automotor_Robo de motocicleta Con violencia,-0.18614718614718617
828,Tlajomulco de Zúñiga,Extorsión_Extorsión,-0.18644067796610164
829,Tlajomulco de Zúñiga,Extorsión_Extorsión_Extorsión,-0.18644067796610164
830,Tonalá,Despojo_Despojo,-0.18707241109784878
831,Tonalá,Despojo,-0.18707241109784878
832,Zapopan,Extorsión_Extorsión_Extorsión,-0.19130434782608696
833,Zapopan,Extorsión_Extorsión,-0.19130434782608696
834,El Salto,Delitos cometidos por servidores públicos,-0.1919261435445223
835,El Salto,Delitos cometidos por servidores públicos_Delitos cometidos por servidores públicos,-0.1919261435445223
836,Juanacatlán,Robo_Robo a transeúnte en vía pública,-0.19340819505484785
837,El Salto,Robo_Robo a casa habitación_Sin violencia,-0.1937984496124031
838,San Pedro Tlaquepaque,Abuso de confianza,-0.19381666985563695
839,Zapotlanejo,Robo_Robo de vehículo automotor_Robo de coche de 4 ruedas Con violencia,-0.196078431372549
840,Tlajomulco de Zúñiga,Robo_Robo en transporte público colectivo_Con violencia,-0.19999999999999996
841,Guadalajara,Feminicidio_Feminicidio_Con arma blanca,-0.19999999999999996
842,Tlajomulco de Zúñiga,Feminicidio_Feminicidio_Con otro elemento,-0.19999999999999996
843,Guadalajara,Homicidio_Homicidio doloso_Con arma de fuego,-0.2007575757575758
844,San Pedro Tlaquepaque,Robo_Robo a negocio_Con violencia,-0.20225872689938396
845,El Salto,Robo_Robo en transporte público colectivo,-0.20250308216959967
846,Tonalá,Feminicidio_Feminicidio,-0.20407772825375414
847,Tonalá,Feminicidio,-0.20407772825375414
848,Zapopan,Extorsión,-0.20889648419747486
849,Tlajomulco de Zúñiga,Extorsión,-0.2112357926938947
850,Zapopan,Acoso sexual_Acoso sexual_Acoso sexual,-0.21276595744680848
851,Tlajomulco de Zúñiga,Robo_Robo de vehículo automotor_Robo de coche de 4 ruedas Sin violencia,-0.2142857142857143
852,El Salto,Robo_Robo de vehículo automotor_Robo de coche de 4 ruedas Sin violencia,-0.2142857142857143
853,Acatlán de Juárez,Robo_Otros robos,-0.21563439603186496
854,El Salto,Robo_Robo a transeúnte en vía pública_Con violencia,-0.2168674698795181
855,El Salto,Narcomenudeo_Narcomenudeo_Narcomenudeo,-0.21818181818181814
856,Ixtlahuacán de los Membrillos,Violencia familiar_Violencia familiar_Violencia familiar,-0.22093023255813948
857,El Salto,Robo_Robo a transeúnte en vía pública,-0.22216025563188968
858,San Pedro Tlaquepaque,Robo_Robo a transportista_Sin violencia,-0.2222222222222222
859,Ixtlahuacán de los Membrillos,Robo_Robo de vehículo automotor_Robo de coche de 4 ruedas Sin violencia,-0.2222222222222222
860,Zapotlanejo,Homicidio_Homicidio doloso,-0.22739317008187399
861,Zapopan,Acoso sexual,-0.2287377692019832
862,Zapopan,Acoso sexual_Acoso sexual,-0.2287377692019832
863,El Salto,Robo_Robo a casa habitación,-0.2306849481458253
864,Tonalá,Allanamiento de morada_Allanamiento de morada_Allanamiento de morada,-0.23076923076923073
865,Ixtlahuacán de los Membrillos,Robo_Robo a casa habitación_Sin violencia,-0.23529411764705888
866,Tlajomulco de Zúñiga,Otros delitos contra la familia_Otros delitos contra la familia_Otros delitos contra la familia,-0.23611111111111116
867,Tonalá,Allanamiento de morada,-0.23794949246747166
868,Tonalá,Allanamiento de morada_Allanamiento de morada,-0.23794949246747166
869,Ixtlahuacán de los Membrillos,Violencia familiar,-0.23829218162664756
870,Ixtlahuacán de los Membrillos,Violencia familiar_Violencia familiar,-0.23829218162664756
871,El Salto,Robo_Robo a negocio_Sin violencia,-0.24390243902439024
872,Juanacatlán,Despojo_Despojo_Despojo,-0.25
873,Tlajomulco de Zúñiga,Robo_Robo en transporte público individual_Sin violencia,-0.25
874,Acatlán de Juárez,Otros delitos del Fuero Común_Otros delitos del Fuero Común_Otros delitos del Fuero Común,-0.25
875,Guadalajara,Robo_Robo de maquinaria_Robo de herramienta industrial o agrícola Sin violencia,-0.25
876,Acatlán de Juárez,Otros delitos del Fuero Común_Otros delitos del Fuero Común,-0.25
877,Zapopan,Lesiones_Lesiones dolosas_Con arma de fuego,-0.2547169811320755
878,Ixtlahuacán de los Membrillos,Lesiones_Lesiones dolosas_Con otro elemento,-0.2558139534883721
879,Tlajomulco de Zúñiga,Otros delitos contra la familia_Otros delitos contra la familia,-0.2573046764946424
880,Tlajomulco de Zúñiga,Otros delitos contra la familia,-0.2573046764946424
881,Acatlán de Juárez,Robo,-0.25783807229337985
882,San Pedro Tlaquepaque,Robo_Robo de ganado,-0.2578463085679341
883,Tonalá,Robo_Robo a transeúnte en vía pública,-0.25795746808820075
884,Tonalá,Extorsión_Extorsión,-0.2592592592592593
885,Tonalá,Extorsión_Extorsión_Extorsión,-0.2592592592592593
886,Acatlán de Juárez,Otros delitos del Fuero Común,-0.2593574455126969
887,El Salto,Narcomenudeo_Narcomenudeo,-0.26394457113874525
888,El Salto,Narcomenudeo,-0.26394457113874525
889,Zapopan,Feminicidio,-0.2640104050104001
890,Zapopan,Feminicidio_Feminicidio,-0.2640104050104001
891,Tonalá,Extorsión,-0.26541763712935507
892,San Pedro Tlaquepaque,Delitos cometidos por servidores públicos_Delitos cometidos por servidores públicos_Delitos cometidos por servidores públicos,-0.2666666666666667
893,Zapotlanejo,Robo,-0.2701028745410805
894,Ixtlahuacán de los Membrillos,Lesiones,-0.2716145943192496
895,Zapopan,Robo_Robo a transeúnte en vía pública,-0.27433828171090535
896,San Pedro Tlaquepaque,Delitos cometidos por servidores públicos_Delitos cometidos por servidores públicos,-0.2746296016809521
897,San Pedro Tlaquepaque,Delitos cometidos por servidores públicos,-0.2746296016809521
898,Guadalajara,Robo_Robo a casa habitación_Con violencia,-0.275
899,Guadalajara,Robo_Robo a transeúnte en vía pública_Sin violencia,-0.2752
900,Guadalajara,Abuso de confianza_Abuso de confianza_Abuso de confianza,-0.2780847145488029
901,Guadalajara,Abuso de confianza_Abuso de confianza,-0.2780847145488029
902,Guadalajara,Abuso de confianza,-0.2781470221715493
903,Zapopan,Corrupción de menores_Corrupción de menores_Corrupción de menores,-0.28
904,Tonalá,Robo_Robo de vehículo automotor_Robo de coche de 4 ruedas Con violencia,-0.28044280442804426
905,San Pedro Tlaquepaque,Robo_Robo a negocio,-0.28063126627394197
906,Tlajomulco de Zúñiga,Homicidio_Homicidio doloso_No especificado,-0.28358208955223885
907,Guadalajara,Robo_Robo a negocio_Con violencia,-0.283647523016221
908,Zapopan,Robo_Robo de maquinaria_Robo de herramienta industrial o agrícola Sin violencia,-0.2857142857142857
909,Tlajomulco de Zúñiga,Robo_Robo de maquinaria_Robo de herramienta industrial o agrícola Con violencia,-0.2857142857142857
910,Guadalajara,Feminicidio,-0.2857504418727559
911,Guadalajara,Feminicidio_Feminicidio,-0.2857504418727559
912,Ixtlahuacán de los Membrillos,Robo_Robo a casa habitación,-0.29136742049090303
913,Tonalá,Robo_Robo a transportista_Con violencia,-0.29268292682926833
914,Zapopan,Corrupción de menores_Corrupción de menores,-0.2930552271894872
915,Zapopan,Corrupción de menores,-0.2930552271894872
916,El Salto,Falsificación_Falsificación_Falsificación,-0.2941176470588235
917,San Pedro Tlaquepaque,Despojo_Despojo_Despojo,-0.2967741935483871
918,Tonalá,Acoso sexual_Acoso sexual_Acoso sexual,-0.30000000000000004
919,El Salto,Robo_Robo a negocio_Con violencia,-0.30188679245283023
920,Guadalajara,Acoso sexual_Acoso sexual_Acoso sexual,-0.30434782608695654
921,Guadalajara,Acoso sexual,-0.30449047977797306
922,Guadalajara,Acoso sexual_Acoso sexual,-0.30449047977797306
923,Tonalá,Acoso sexual,-0.3056499334048569
924,Tonalá,Acoso sexual_Acoso sexual,-0.3056499334048569
925,San Pedro Tlaquepaque,Despojo,-0.3058471420151727
926,San Pedro Tlaquepaque,Despojo_Despojo,-0.3058471420151727
927,Juanacatlán,Despojo_Despojo,-0.3069886090370959
928,Juanacatlán,Despojo,-0.3069886090370959
929,Guadalajara,Robo_Robo a negocio,-0.30713012492400193
930,Zapotlanejo,Robo_Otros robos_Con violencia,-0.3076923076923077
931,Zapotlanejo,Delitos cometidos por servidores públicos,-0.3104673958362649
932,Zapotlanejo,Delitos cometidos por servidores públicos_Delitos cometidos por servidores públicos,-0.3104673958362649
933,Zapotlanejo,Allanamiento de morada,-0.31196397600170367
934,Zapotlanejo,Allanamiento de morada_Allanamiento de morada,-0.31196397600170367
935,El Salto,Robo_Robo a negocio,-0.31426771056819325
936,Tonalá,Robo_Robo a transportista,-0.3159450651960809
937,Juanacatlán,Robo_Robo de vehículo automotor,-0.3279682654023206
938,El Salto,Falsificación_Falsificación,-0.330182491518738
939,El Salto,Falsificación,-0.330182491518738
940,Juanacatlán,Robo_Robo a negocio,-0.3310430679275994
941,Zapopan,Feminicidio_Feminicidio_Con arma blanca,-0.33333333333333337
942,Zapopan,Robo_Robo de autopartes_Con violencia,-0.33333333333333337
943,Zapotlanejo,Allanamiento de morada_Allanamiento de morada_Allanamiento de morada,-0.33333333333333337
944,Zapotlanejo,Delitos cometidos por servidores públicos_Delitos cometidos por servidores públicos_Delitos cometidos por servidores públicos,-0.33333333333333337
945,Zapotlanejo,Robo_Robo a negocio_Sin violencia,-0.33333333333333337
946,Tlajomulco de Zúñiga,Lesiones_Lesiones culposas_Con arma de fuego,-0.33333333333333337
947,El Salto,Corrupción de menores_Corrupción de menores_Corrupción de menores,-0.33333333333333337
948,Juanacatlán,Lesiones_Lesiones dolosas_Con arma blanca,-0.33333333333333337
949,Ixtlahuacán de los Membrillos,Delitos cometidos por servidores públicos_Delitos cometidos por servidores públicos_Delitos cometidos por servidores públicos,-0.33333333333333337
950,Guadalajara,Robo_Robo a institución bancaria_Sin violencia,-0.33333333333333337
951,Acatlán de Juárez,Fraude_Fraude,-0.33333333333333337
952,Acatlán de Juárez,Homicidio_Homicidio doloso_Con otro elemento,-0.33333333333333337
953,San Pedro Tlaquepaque,Feminicidio_Feminicidio_Con arma blanca,-0.33333333333333337
954,Acatlán de Juárez,Fraude_Fraude_Fraude,-0.33333333333333337
955,Tlajomulco de Zúñiga,Robo_Robo de vehículo automotor_Robo de motocicleta Sin violencia,-0.3347107438016529
956,Tlajomulco de Zúñiga,Robo_Robo de vehículo automotor,-0.3357655656396801
957,Tlajomulco de Zúñiga,Despojo_Despojo_Despojo,-0.3388888888888889
958,Zapopan,Robo_Robo a negocio_Sin violencia,-0.33971902937420184
959,Ixtlahuacán de los Membrillos,Robo_Robo de maquinaria,-0.3413231993967212
960,Acatlán de Juárez,Fraude,-0.34219209352123103
961,Guadalajara,Hostigamiento sexual_Hostigamiento sexual_Hostigamiento sexual,-0.34615384615384615
962,Guadalajara,Hostigamiento sexual,-0.3462399534600875
963,Guadalajara,Hostigamiento sexual_Hostigamiento sexual,-0.3462399534600875
964,Guadalajara,Robo_Robo a negocio_Sin violencia,-0.34782608695652173
965,Guadalajara,Robo_Robo a casa habitación,-0.35109942084829493
966,Ixtlahuacán de los Membrillos,Delitos cometidos por servidores públicos_Delitos cometidos por servidores públicos,-0.35133808027889135
967,Ixtlahuacán de los Membrillos,Delitos cometidos por servidores públicos,-0.35133808027889135
968,Tlajomulco de Zúñiga,Despojo,-0.3566711662175224
969,Tlajomulco de Zúñiga,Despojo_Despojo,-0.3566711662175224
970,Guadalajara,Robo_Robo a institución bancaria,-0.35714089964985873
971,Zapotlanejo,Robo_Robo a transeúnte en vía pública_Sin violencia,-0.3571428571428571
972,Tonalá,Robo_Robo a negocio_Con violencia,-0.3607924921793535
973,Guadalajara,Robo_Robo a institución bancaria_Con violencia,-0.36363636363636365
974,Guadalajara,Robo_Robo a casa habitación_Sin violencia,-0.36624999999999996
975,Tlajomulco de Zúñiga,Feminicidio,-0.3696769407581495
976,Tlajomulco de Zúñiga,Feminicidio_Feminicidio,-0.3696769407581495
977,El Salto,Corrupción de menores,-0.3708247865701959
978,El Salto,Corrupción de menores_Corrupción de menores,-0.3708247865701959
979,Zapopan,Robo_Robo a negocio,-0.37145597223854443
980,Zapotlanejo,Robo_Robo a transeúnte en vía pública,-0.371503256290436
981,Zapopan,Robo_Robo a negocio_Con violencia,-0.37176274018379285
982,Ixtlahuacán de los Membrillos,Robo_Otros robos_Con violencia,-0.375
983,Tonalá,Robo_Robo a negocio,-0.37551646965310514
984,Zapotlanejo,Robo_Robo de vehículo automotor,-0.3826754178003189
985,Ixtlahuacán de los Membrillos,Lesiones_Lesiones culposas_En accidente de tránsito,-0.3846153846153846
986,Acatlán de Juárez,Robo_Robo a negocio_Con violencia,-0.3846153846153846
987,Tlajomulco de Zúñiga,Abuso de confianza_Abuso de confianza,-0.3880597014925373
988,Tlajomulco de Zúñiga,Abuso de confianza_Abuso de confianza_Abuso de confianza,-0.3880597014925373
989,San Pedro Tlaquepaque,Homicidio_Homicidio doloso_No especificado,-0.3939393939393939
990,Zapopan,Robo_Robo a transportista,-0.3986318467838992
991,Acatlán de Juárez,Abuso sexual_Abuso sexual_Abuso sexual,-0.4
992,Tonalá,Robo_Robo en transporte público colectivo_Con violencia,-0.4
993,Ixtlahuacán de los Membrillos,Extorsión_Extorsión_Extorsión,-0.4
994,Guadalajara,Homicidio_Homicidio doloso_No especificado,-0.4
995,Guadalajara,Robo_Robo a transportista_Sin violencia,-0.4
996,Ixtlahuacán de los Membrillos,Extorsión_Extorsión,-0.4
997,Zapopan,Robo_Robo de maquinaria_Robo de herramienta industrial o agrícola Con violencia,-0.4
998,Tlajomulco de Zúñiga,Abuso de confianza,-0.40705757566601863
999,Acatlán de Juárez,Abuso sexual,-0.40866290790908133
1000,Acatlán de Juárez,Abuso sexual_Abuso sexual,-0.40866290790908133
1001,Zapopan,Homicidio_Homicidio doloso_No especificado,-0.40909090909090906
1002,Zapotlanejo,Robo_Robo a negocio,-0.4094374687095609
1003,Acatlán de Juárez,Violencia familiar_Violencia familiar_Violencia familiar,-0.4107142857142857
1004,Zapotlanejo,Robo_Robo a transeúnte en vía pública_Con violencia,-0.4117647058823529
1005,Ixtlahuacán de los Membrillos,Extorsión,-0.413159569845992
1006,Ixtlahuacán de los Membrillos,Amenazas_Amenazas_Amenazas,-0.41463414634146345
1007,Acatlán de Juárez,Robo_Robo de vehículo automotor_Robo de coche de 4 ruedas Con violencia,-0.41666666666666663
1008,Acatlán de Juárez,Violencia familiar_Violencia familiar,-0.4177865709774119
1009,Acatlán de Juárez,Violencia familiar,-0.4177865709774119
1010,Tonalá,Robo_Robo a negocio_Sin violencia,-0.42441860465116277
1011,Zapotlanejo,Robo_Robo a casa habitación,-0.42621416160151293
1012,Tlajomulco de Zúñiga,Robo_Robo de vehículo automotor_Robo de coche de 4 ruedas Con violencia,-0.42715231788079466
1013,Ixtlahuacán de los Membrillos,Amenazas_Amenazas,-0.4290230051144124
1014,Ixtlahuacán de los Membrillos,Amenazas,-0.4290230051144124
1015,Zapopan,Robo_Robo a casa habitación_Sin violencia,-0.42929936305732486
1016,Zapopan,Robo_Robo a casa habitación_Con violencia,-0.4392523364485982
1017,Ixtlahuacán de los Membrillos,Lesiones_Lesiones culposas,-0.4398417603754383
1018,Ixtlahuacán de los Membrillos,Robo_Robo a negocio,-0.44005067750116067
1019,Zapopan,Robo_Robo a casa habitación,-0.44186595436276266
1020,Acatlán de Juárez,Homicidio_Homicidio doloso,-0.4522830009638237
1021,San Pedro Tlaquepaque,Robo_Robo a casa habitación_Sin violencia,-0.4713375796178344
1022,San Pedro Tlaquepaque,Robo_Robo a negocio_Sin violencia,-0.47214076246334313
1023,San Pedro Tlaquepaque,Robo_Robo a transeúnte en vía pública_Sin violencia,-0.47482014388489213
1024,Zapotlanejo,Robo_Robo a casa habitación_Sin violencia,-0.47619047619047616
1025,Acatlán de Juárez,Robo_Robo a negocio,-0.48329313703004895
1026,San Pedro Tlaquepaque,Robo_Robo a casa habitación,-0.4900345181454564
1027,Guadalajara,Robo_Robo de ganado,-0.49998801837425944
1028,Juanacatlán,Abuso de confianza_Abuso de confianza_Abuso de confianza,-0.5
1029,San Pedro Tlaquepaque,Robo_Robo de ganado_Sin violencia,-0.5
1030,Zapopan,Robo_Robo de ganado_Sin violencia,-0.5
1031,Zapopan,Robo_Robo a institución bancaria_Con violencia,-0.5
1032,Acatlán de Juárez,Robo_Robo de autopartes_Sin violencia,-0.5
1033,Zapopan,Robo_Robo a transportista_Con violencia,-0.5
1034,Juanacatlán,Abuso de confianza_Abuso de confianza,-0.5
1035,Tlajomulco de Zúñiga,Homicidio_Homicidio culposo_Con otro elemento,-0.5
1036,Tlajomulco de Zúñiga,Feminicidio_Feminicidio_Con arma blanca,-0.5
1037,Guadalajara,Robo_Robo de ganado_Sin violencia,-0.5
1038,Acatlán de Juárez,Robo_Robo de ganado_Sin violencia,-0.5
1039,Zapopan,Hostigamiento sexual_Hostigamiento sexual_Hostigamiento sexual,-0.5
1040,Tonalá,Robo_Robo a transportista_Sin violencia,-0.5
1041,Acatlán de Juárez,Robo_Robo de ganado,-0.5081258686141341
1042,Acatlán de Juárez,Robo_Robo de autopartes,-0.5092956826298706
1043,Zapopan,Hostigamiento sexual_Hostigamiento sexual,-0.5094058697197077
1044,Zapopan,Hostigamiento sexual,-0.5094058697197077
1045,Tonalá,Robo_Robo a casa habitación_Sin violencia,-0.5126353790613718
1046,Juanacatlán,Abuso de confianza,-0.5148265372531187
1047,Zapotlanejo,Abuso de confianza,-0.5166417424605485
1048,El Salto,Otros delitos que atentan contra la libertad personal_Otros delitos que atentan contra la libertad personal_Otros delitos que atentan contra la libertad personal,-0.5172413793103448
1049,Zapopan,Robo_Robo de ganado,-0.5175924097293512
1050,Tonalá,Robo_Robo a casa habitación,-0.5193715061625943
1051,Zapotlanejo,Robo_Robo a negocio_Con violencia,-0.5263157894736843
1052,Zapotlanejo,Abuso de confianza_Abuso de confianza,-0.5294117647058824
1053,Zapotlanejo,Abuso de confianza_Abuso de confianza_Abuso de confianza,-0.5294117647058824
1054,Tonalá,Robo_Robo a casa habitación_Con violencia,-0.5294117647058824
1055,Tonalá,Robo_Robo a transeúnte en vía pública_Sin violencia,-0.544973544973545
1056,El Salto,Otros delitos que atentan contra la libertad personal,-0.5466471201580456
1057,El Salto,Otros delitos que atentan contra la libertad personal_Otros delitos que atentan contra la libertad personal,-0.5466471201580456
1058,San Pedro Tlaquepaque,Robo_Robo a casa habitación_Con violencia,-0.5517241379310345
1059,Juanacatlán,Robo_Robo de vehículo automotor_Robo de coche de 4 ruedas Sin violencia,-0.5555555555555556
1060,Zapopan,Robo_Robo a transeúnte en vía pública_Sin violencia,-0.5649484536082474
1061,Juanacatlán,Homicidio_Homicidio culposo,-0.5678407233432134
1062,Guadalajara,Trata de personas_Trata de personas_Trata de personas,-0.5714285714285714
1063,Guadalajara,Trata de personas,-0.5714909239669765
1064,Guadalajara,Trata de personas_Trata de personas,-0.5714909239669765
1065,Acatlán de Juárez,Robo_Robo a casa habitación,-0.5929726604665698
1066,Zapopan,Feminicidio_Feminicidio_Con arma de fuego,-0.6
1067,Tonalá,Homicidio_Homicidio doloso_No especificado,-0.6153846153846154
1068,Ixtlahuacán de los Membrillos,Robo_Robo a negocio_Sin violencia,-0.6153846153846154
1069,Acatlán de Juárez,Robo_Robo a negocio_Sin violencia,-0.625
1070,Acatlán de Juárez,Otros delitos que atentan contra la libertad personal_Otros delitos que atentan contra la libertad personal_Otros delitos que atentan contra la libertad personal,-0.625
1071,Acatlán de Juárez,Robo_Robo a casa habitación_Sin violencia,-0.625
1072,Acatlán de Juárez,Otros delitos que atentan contra la libertad personal_Otros delitos que atentan contra la libertad personal,-0.6297967078983517
1073,Acatlán de Juárez,Otros delitos que atentan contra la libertad personal,-0.6297967078983517
1074,Acatlán de Juárez,Falsificación_Falsificación_Falsificación,-0.65
1075,Acatlán de Juárez,Falsificación,-0.6543801985211574
1076,Acatlán de Juárez,Falsificación_Falsificación,-0.6543801985211574
1077,Acatlán de Juárez,Robo_Otros robos_Con violencia,-0.6666666666666667
1078,Acatlán de Juárez,Narcomenudeo_Narcomenudeo_Narcomenudeo,-0.6666666666666667
1079,Juanacatlán,Homicidio_Homicidio doloso_No especificado,-0.6666666666666667
1080,El Salto,Robo_Robo en transporte público colectivo_Con violencia,-0.6666666666666667
1081,San Pedro Tlaquepaque,Homicidio_Homicidio culposo_Con otro elemento,-0.6666666666666667
1082,Tonalá,Feminicidio_Feminicidio_Con arma de fuego,-0.6666666666666667
1083,Acatlán de Juárez,Narcomenudeo_Narcomenudeo,-0.6725737815854629
1084,Acatlán de Juárez,Narcomenudeo,-0.6725737815854629
1085,El Salto,Feminicidio_Feminicidio,-0.6764296832751708
1086,El Salto,Feminicidio,-0.6764296832751708
1087,Zapotlanejo,Robo_Robo de vehículo automotor_Robo de motocicleta Sin violencia,-0.6857142857142857
1088,El Salto,Robo_Robo de maquinaria,-0.6896482097412462
1089,Zapopan,Lesiones_Lesiones culposas_Con arma de fuego,-0.75
1090,El Salto,Violación simple_Violación simple_Violación simple,-0.75
1091,El Salto,Violación simple,-0.7611572858345964
1092,El Salto,Violación simple_Violación simple,-0.7611572858345964
1093,Tlajomulco de Zúñiga,Robo_Robo de maquinaria_Robo de herramienta industrial o agrícola Sin violencia,-0.7777777777777778
1094,Tonalá,Robo_Robo en transporte público individual_Sin violencia,-0.8
1095,Zapopan,Trata de personas_Trata de personas_Trata de personas,-0.8
1096,Tlajomulco de Zúñiga,Hostigamiento sexual_Hostigamiento sexual_Hostigamiento sexual,-0.8
1097,Zapopan,Trata de personas,-0.8025781972705557
1098,Zapopan,Trata de personas_Trata de personas,-0.8025781972705557
1099,Tlajomulco de Zúñiga,Hostigamiento sexual_Hostigamiento sexual,-0.8066061496900823
1100,Tlajomulco de Zúñiga,Hostigamiento sexual,-0.8066061496900823
1101,Zapotlanejo,Robo_Robo de vehículo automotor_Robo de coche de 4 ruedas Sin violencia,-0.8148148148148149
1102,Ixtlahuacán de los Membrillos,Narcomenudeo_Narcomenudeo_Narcomenudeo,-0.8461538461538461
1103,Ixtlahuacán de los Membrillos,Narcomenudeo_Narcomenudeo,-0.8501303090476673
1104,Ixtlahuacán de los Membrillos,Narcomenudeo,-0.8501303090476673
1105,Tlajomulco de Zúñiga,Robo_Robo de ganado,-0.8506328031638857
1106,Zapotlanejo,Otros delitos que atentan contra la libertad personal_Otros delitos que atentan contra la libertad personal,-0.8733803170971621
1107,Zapotlanejo,Otros delitos que atentan contra la libertad personal,-0.8733803170971621
1108,Zapotlanejo,Otros delitos que atentan contra la libertad personal_Otros delitos que atentan contra la libertad personal_Otros delitos que atentan contra la libertad personal,-0.875
1109,Tlajomulco de Zúñiga,Robo_Robo de ganado_Sin violencia,-0.9230769230769231
1110,Juanacatlán,Otros delitos contra la familia_Otros delitos contra la familia,-1.0
1111,Ixtlahuacán de los Membrillos,Secuestro,-1.0
1112,Acatlán de Juárez,Robo_Robo de maquinaria_Robo de herramienta industrial o agrícola Con violencia,-1.0
1113,El Salto,Falsedad,-1.0
1114,Acatlán de Juárez,Robo_Robo de maquinaria_Robo de herramienta industrial o agrícola Sin violencia,-1.0
1115,Acatlán de Juárez,Robo_Robo de maquinaria_Robo de tractores Con violencia,-1.0
1116,Zapotlanejo,Feminicidio_Feminicidio_Con arma blanca,-1.0
1117,Ixtlahuacán de los Membrillos,Corrupción de menores,-1.0
1118,Juanacatlán,Otros delitos que atentan contra la libertad personal_Otros delitos que atentan contra la libertad personal,-1.0
1119,Guadalajara,Electorales,-1.0
1120,El Salto,Robo_Robo de ganado,-1.0
1121,Zapotlanejo,Secuestro_Secuestro_Secuestro extorsivo,-1.0
1122,Tlajomulco de Zúñiga,Robo_Robo de autopartes_Con violencia,-1.0
1123,Zapotlanejo,Lesiones_Lesiones dolosas_No especificado,-1.0
1124,Juanacatlán,Robo_Robo a transportista,-1.0
1125,Tlajomulco de Zúñiga,Feminicidio_Feminicidio_No especificado,-1.0
1126,Tlajomulco de Zúñiga,Lesiones_Lesiones culposas_No especificado,-1.0
1127,San Pedro Tlaquepaque,Robo_Robo a institución bancaria_Sin violencia,-1.0
1128,Zapopan,Lesiones_Lesiones culposas_No especificado,-1.0
1129,Tlajomulco de Zúñiga,Lesiones_Lesiones dolosas_No especificado,-1.0
1130,Zapopan,Lesiones_Lesiones dolosas_No especificado,-1.0
1131,Juanacatlán,Delitos cometidos por servidores públicos_Delitos cometidos por servidores públicos,-1.0
1132,Tlajomulco de Zúñiga,Homicidio_Homicidio culposo_Con arma de fuego,-1.0
1133,Tonalá,Aborto_Aborto,-1.0
1134,Juanacatlán,Robo_Robo de maquinaria,-1.0
1135,Guadalajara,Electorales_Electorales,-1.0
1136,Juanacatlán,Otros delitos contra la familia,-1.0
1137,Acatlán de Juárez,Otros delitos contra la familia,-1.0
1138,Zapotlanejo,Electorales,-1.0
1139,Tonalá,Robo_Robo de maquinaria_Robo de herramienta industrial o agrícola Sin violencia,-1.0
1140,Zapotlanejo,Contra el medio ambiente,-1.0
1141,Acatlán de Juárez,Delitos cometidos por servidores públicos,-1.0
1142,Zapotlanejo,Feminicidio,-1.0
1143,Ixtlahuacán de los Membrillos,Secuestro_Secuestro,-1.0
1144,Tonalá,Aborto_Aborto_Aborto,-1.0
1145,Tonalá,Feminicidio_Feminicidio_Con otro elemento,-1.0
1146,Zapotlanejo,Secuestro,-1.0
1147,Acatlán de Juárez,Homicidio_Homicidio doloso_No especificado,-1.0
1148,Tonalá,Lesiones_Lesiones culposas_Con arma de fuego,-1.0
1149,Tonalá,Secuestro_Secuestro_Secuestro extorsivo,-1.0
1150,San Pedro Tlaquepaque,Lesiones_Lesiones culposas_Con arma de fuego,-1.0
1151,Ixtlahuacán de los Membrillos,Corrupción de menores_Corrupción de menores,-1.0
1152,San Pedro Tlaquepaque,Lesiones_Lesiones culposas_No especificado,-1.0
1153,Juanacatlán,Extorsión,-1.0
1154,Juanacatlán,Otros delitos que atentan contra la libertad personal,-1.0
1155,El Salto,Falsedad_Falsedad,-1.0
1156,San Pedro Tlaquepaque,Feminicidio_Feminicidio_No especificado,-1.0
1157,Tlajomulco de Zúñiga,Robo_Robo de maquinaria_Robo de tractores Sin violencia,-1.0
1158,Acatlán de Juárez,Otros delitos contra la familia_Otros delitos contra la familia_Otros delitos contra la familia,-1.0
1159,El Salto,Trata de personas_Trata de personas,-1.0
1160,Juanacatlán,Delitos cometidos por servidores públicos,-1.0
1161,Tlajomulco de Zúñiga,Robo_Robo a institución bancaria_Con violencia,-1.0
1162,Acatlán de Juárez,Delitos cometidos por servidores públicos_Delitos cometidos por servidores públicos_Delitos cometidos por servidores públicos,-1.0
1163,San Pedro Tlaquepaque,Trata de personas_Trata de personas_Trata de personas,-1.0
1164,Acatlán de Juárez,Homicidio_Homicidio doloso_Con arma blanca,-1.0
1165,San Pedro Tlaquepaque,Otros delitos contra la sociedad_Otros delitos contra la sociedad_Otros delitos contra la sociedad,-1.0
1166,Zapopan,Otros delitos contra la sociedad_Otros delitos contra la sociedad,-1.0
1167,El Salto,Trata de personas,-1.0
1168,Juanacatlán,Extorsión_Extorsión,-1.0
1169,Zapopan,Feminicidio_Feminicidio_No especificado,-1.0
1170,Guadalajara,Lesiones_Lesiones dolosas_No especificado,-1.0
1171,Juanacatlán,Robo_Robo a transportista_Con violencia,-1.0
1172,Guadalajara,Lesiones_Lesiones culposas_Con arma de fuego,-1.0
1173,Juanacatlán,Extorsión_Extorsión_Extorsión,-1.0
1174,Zapopan,Electorales,-1.0
1175,Acatlán de Juárez,Robo_Robo de maquinaria,-1.0
1176,Guadalajara,Lesiones_Lesiones culposas_No especificado,-1.0
1177,Juanacatlán,Otros delitos contra la familia_Otros delitos contra la familia_Otros delitos contra la familia,-1.0
1178,Guadalajara,Feminicidio_Feminicidio_Con arma de fuego,-1.0
1179,Tonalá,Secuestro_Secuestro,-1.0
1180,Guadalajara,Feminicidio_Feminicidio_No especificado,-1.0
1181,Ixtlahuacán de los Membrillos,Robo_Robo de maquinaria_Robo de herramienta industrial o agrícola Sin violencia,-1.0
1182,Juanacatlán,Delitos cometidos por servidores públicos_Delitos cometidos por servidores públicos_Delitos cometidos por servidores públicos,-1.0
1183,Ixtlahuacán de los Membrillos,Robo_Robo de maquinaria_Robo de herramienta industrial o agrícola Con violencia,-1.0
1184,Juanacatlán,Homicidio_Homicidio doloso_Con arma blanca,-1.0
1185,Ixtlahuacán de los Membrillos,Homicidio_Homicidio doloso_Con arma blanca,-1.0
1186,Juanacatlán,Robo_Robo a transeúnte en vía pública_Sin violencia,-1.0
1187,Acatlán de Juárez,Otros delitos contra la familia_Otros delitos contra la familia,-1.0
1188,Juanacatlán,Robo_Robo a negocio_Sin violencia,-1.0
1189,Juanacatlán,Robo_Robo de maquinaria_Robo de herramienta industrial o agrícola Sin violencia,-1.0
1190,Ixtlahuacán de los Membrillos,Corrupción de menores_Corrupción de menores_Corrupción de menores,-1.0
1191,Guadalajara,Electorales_Electorales_Electorales,-1.0
1192,Ixtlahuacán de los Membrillos,Lesiones_Lesiones culposas_No especificado,-1.0
1193,Acatlán de Juárez,Delitos cometidos por servidores públicos_Delitos cometidos por servidores públicos,-1.0
1194,Ixtlahuacán de los Membrillos,Lesiones_Lesiones culposas_Con otro elemento,-1.0
1195,Ixtlahuacán de los Membrillos,Secuestro_Secuestro_Secuestro extorsivo,-1.0
1196,Ixtlahuacán de los Membrillos,Robo_Robo de vehículo automotor_Robo de motocicleta Con violencia,-1.0
1197,San Pedro Tlaquepaque,Trata de personas,-1.0
1198,San Pedro Tlaquepaque,Otros delitos contra la sociedad,-1.0
1199,El Salto,Homicidio_Homicidio culposo_Con arma de fuego,-1.0
1200,Juanacatlán,Homicidio_Homicidio culposo_No especificado,-1.0
1201,Tlajomulco de Zúñiga,Robo_Robo a institución bancaria,-1.0
1202,Zapopan,Electorales_Electorales_Electorales,-1.0
1203,Zapotlanejo,Secuestro_Secuestro,-1.0
1204,Ixtlahuacán de los Membrillos,Robo_Robo a casa habitación_Con violencia,-1.0
1205,Zapotlanejo,Feminicidio_Feminicidio,-1.0
1206,El Salto,Robo_Robo de maquinaria_Robo de herramienta industrial o agrícola Con violencia,-1.0
1207,El Salto,Robo_Robo de ganado_Sin violencia,-1.0
1208,Zapopan,Evasión de presos_Evasión de presos,-1.0
1209,El Salto,Robo_Robo en transporte individual_Sin violencia,-1.0
1210,Zapotlanejo,Contra el medio ambiente_Contra el medio ambiente_Contra el medio ambiente,-1.0
1211,Zapotlanejo,Electorales_Electorales_Electorales,-1.0
1212,Zapotlanejo,Homicidio_Homicidio doloso_Con arma blanca,-1.0
1213,Zapopan,Otros delitos contra la sociedad_Otros delitos contra la sociedad_Otros delitos contra la sociedad,-1.0
1214,Zapopan,Evasión de presos_Evasión de presos_Evasión de presos,-1.0
1215,Zapopan,Electorales_Electorales,-1.0
1216,El Salto,Falsedad_Falsedad_Falsedad,-1.0
1217,San Pedro Tlaquepaque,Otros delitos contra la sociedad_Otros delitos contra la sociedad,-1.0
1218,El Salto,Trata de personas_Trata de personas_Trata de personas,-1.0
1219,Tonalá,Aborto,-1.0
1220,El Salto,Robo_Robo a transportista_Sin violencia,-1.0
1221,Juanacatlán,Otros delitos que atentan contra la libertad personal_Otros delitos que atentan contra la libertad personal_Otros delitos que atentan contra la libertad personal,-1.0
1222,El Salto,Feminicidio_Feminicidio_Con otro elemento,-1.0
1223,Zapotlanejo,Contra el medio ambiente_Contra el medio ambiente,-1.0
1224,El Salto,Feminicidio_Feminicidio_Con arma blanca,-1.0
1225,Zapotlanejo,Electorales_Electorales,-1.0
1226,Zapopan,Otros delitos contra la sociedad,-1.0
1227,El Salto,Lesiones_Lesiones dolosas_No especificado,-1.0
1228,San Pedro Tlaquepaque,Trata de personas_Trata de personas,-1.0
1229,Juanacatlán,Robo_Robo de vehículo automotor_Robo de motocicleta Con violencia,-1.0
1230,Zapopan,Evasión de presos,-1.0
1231,Tonalá,Secuestro,-1.0
